Month,Max Temp (°F),Min Temp (°F),Mean Temp (°F),Precipitation (in),Heating Degree Days,Cooling Degree Days
"20240301March, 2024",40.7,28.6,52.7,2.44,741,1
"20240201February, 2024",37.1,24.6,49.5,0.21,779,1
"20240101January, 2024",20.1,14.2,25.9,1.82,"1,378",
"20231201December, 2023",34.5,26.6,42.4,1.83,937,
"20231101November, 2023",38.8,26.9,50.7,0.31,785,
"20231001October, 2023",53.4,42.6,64.1,3.22,365,10
"20230901September, 2023",67.2,54.8,79.6,2.13,55,122
"20230801August, 2023",72.5,61.5,83.5,3.05,15,247
"20230701July, 2023",72,60.8,83.2,3.08,15,236
"20230601June, 2023",71.3,58.8,83.8,2.8,22,204
"20230501May, 2023",62.8,49.9,75.7,2.67,156,85
"20230401April, 2023",49.4,36.4,62.3,2.12,465,
"20230301March, 2023",34,24.8,43.1,1.46,942,
"20230201February, 2023",26.2,15.6,36.7,2.26,"1,070",
"20230101January, 2023",24.2,17.2,31.2,1.92,"1,246",
"20221201December, 2022",21.3,13.2,29.4,1.69,"1,335",
"20221101November, 2022",37.1,26.4,47.8,2.04,825,
"20221001October, 2022",50.4,36.3,64.6,0.92,457,3
"20220901September, 2022",65.1,52.9,77.4,1.9,85,87
"20220801August, 2022",72,60.9,83.2,3.49,18,234
"20220701July, 2022",74.2,63.5,85,3.23,8,292
"20220601June, 2022",71.6,60,83.3,3.53,19,217
"20220501May, 2022",61.4,50.5,72.2,3.59,175,71
"20220401April, 2022",43.8,32.8,54.9,3.22,634,
"20220301March, 2022",37.1,26.6,47.6,2.65,862,
"20220201February, 2022",21.3,9.4,33.3,0.28,"1,224",
"20220101January, 2022",14.9,3.4,26.3,0.78,"1,569",
"20211201December, 2021",31.9,21.9,41.9,0.87,"1,019",
"20211101November, 2021",39.1,28.7,49.5,0.98,778,
"20211001October, 2021",55.5,45.3,65.7,5,304,17
"20210901September, 2021",66.6,53.7,79.6,1.81,62,115
"20210801August, 2021",72.9,61.6,84.1,4.65,13,260
"20210701July, 2021",73.3,63,83.7,4.01,10,269
"20210601June, 2021",73.5,61.3,85.7,3.35,11,266
"20210501May, 2021",59,48.6,69.3,3.86,228,42
"20210401April, 2021",49.3,37.8,60.7,1.51,463,
"20210301March, 2021",42.3,32.1,52.5,2.79,712,5
"20210201February, 2021",12.4,4.4,20.5,0.79,"1,472",
"20210101January, 2021",23.9,16.7,31.1,1.24,"1,286",
"20201201December, 2020",27.2,17.7,36.7,1.14,"1,172",
"20201101November, 2020",42,30.5,53.5,2.09,683,
"20201001October, 2020",46,35.3,56.6,1.9,580,
"20200901September, 2020",61.9,50.6,73.2,4.07,137,46
"20200801August, 2020",71.9,59.8,84.1,1.23,18,230
"20200701July, 2020",75.3,64.8,85.9,2.93,3,328
"20200601June, 2020",72.9,62.1,83.7,4.95,15,242
"20200501May, 2020",57.6,47.9,67.3,4.57,261,32
"20200401April, 2020",46.7,34.3,59,1.65,548,
"20200301March, 2020",40.3,31.1,49.5,2.91,762,1
"20200201February, 2020",24.9,15.5,34.3,0.43,"1,120",
"20200101January, 2020",23.1,15.8,30.4,1.41,"1,287",
"20191201December, 2019",29.2,20.2,38.1,1.28,"1,091",
"20191101November, 2019",32.4,23.7,41.1,1.49,981,
"20191001October, 2019",47.1,37,57.2,4.78,549,
"20190901September, 2019",68.2,58.4,78,6.21,45,141
"20190801August, 2019",69.6,59.2,79.9,3.53,34,175
"20190701July, 2019",75.1,65,85.2,3.38,4,325
"20190601June, 2019",69.3,58.9,79.7,3.91,36,162
"20190501May, 2019",56.6,46.6,66.7,8.21,279,27
"20190401April, 2019",49.2,37.6,60.8,3.03,474,
"20190301March, 2019",31.1,22.2,40,2.19,"1,043",
"20190201February, 2019",15.3,6.2,24.5,2.34,"1,373",
"20190101January, 2019",18.7,10.3,27,1.28,"1,442",
"20181201December, 2018",28,20.5,35.5,2.1,"1,133",
"20181101November, 2018",30,22.2,37.8,1.81,"1,041",
"20181001October, 2018",48.2,38.1,58.3,4.63,511,
"20180901September, 2018",65.9,55.9,75.9,8.1,72,101
"20180801August, 2018",71.8,61.2,82.3,6.42,19,232
"20180701July, 2018",73.1,62.4,83.8,3.39,11,261
"20180601June, 2018",73.1,63.1,83.1,7.55,13,255
"20180501May, 2018",67,55.3,78.7,4.7,86,154
"20180401April, 2018",39.3,28,50.6,1.54,766,
"20180301March, 2018",35.2,26.8,43.6,2.28,925,
"20180201February, 2018",20.5,11.2,29.8,1.54,"1,232",
"20180101January, 2018",17.8,8.7,27,1.02,"1,454",
"20171201December, 2017",24.4,15.1,33.7,0.39,"1,258",
"20171101November, 2017",36.2,26,46.4,0.41,860,
"20171001October, 2017",53.3,43.2,63.4,5.26,362,10
"20170901September, 2017",66.7,54.3,79.1,2.31,62,113
"20170801August, 2017",67.8,56.8,78.8,3.83,53,138
"20170701July, 2017",74.7,63.6,85.8,2.94,7,301
"20170601June, 2017",71.1,58.6,83.6,3.5,22,205
"20170501May, 2017",58.5,47.2,69.8,4.8,239,39
"20170401April, 2017",51.1,40.9,61.3,3.8,414,1
"20170301March, 2017",37.5,28.3,46.8,2.57,850,
"20170201February, 2017",34.5,24,45,0.99,847,
"20170101January, 2017",24.2,17.9,30.5,1.56,"1,256",
"20161201December, 2016",22.9,15.3,30.4,1.52,"1,298",
"20161101November, 2016",45.1,34.2,56,1.39,594,
"20161001October, 2016",55.3,44.2,66.3,2.01,309,17
"20160901September, 2016",67.3,56.8,77.8,6.12,53,128
"20160801August, 2016",72,62.2,81.9,6.14,17,241
"20160701July, 2016",72.8,63.1,82.6,5.92,11,255
"20160601June, 2016",73,61.2,84.8,3.7,14,248
"20160501May, 2016",59.5,48.1,70.9,4.36,216,47
"20160401April, 2016",50.1,39.3,61,3.19,450,1
"20160301March, 2016",42.4,32,52.8,2.28,707,5
"20160201February, 2016",28.6,21.1,36,0.88,"1,020",
"20160101January, 2016",19.6,12.4,26.7,0.59,"1,403",
"20151201December, 2015",33,26.6,39.5,4.71,966,
"20151101November, 2015",42,32.8,51.3,4.08,687,
"20151001October, 2015",53,41.7,64.4,1.76,381,9
"20150901September, 2015",68.4,57.5,79.3,4.18,40,146
"20150801August, 2015",68.9,58.6,79.1,5.29,40,160
"20150701July, 2015",72,62,82,5.51,15,228
"20150601June, 2015",69.4,59.4,79.3,6.38,36,163
"20150501May, 2015",60,49.8,70,5.06,201,55
"20150401April, 2015",51.1,38.7,63.5,3.37,423,2
"20150301March, 2015",37.3,24.6,50,0.56,875,
"20150201February, 2015",14.5,4.7,24.3,1.11,"1,430",
"20150101January, 2015",21.6,12.5,30.7,0.52,"1,351",
"20141201December, 2014",28.2,22.3,34.1,1.1,"1,132",
"20141101November, 2014",29.3,19.7,38.8,0.76,"1,068",
"20141001October, 2014",51.2,39.9,62.4,3.17,441,4
"20140901September, 2014",62,50.9,73.1,4.35,136,46
"20140801August, 2014",71.2,62,80.3,5.92,21,215
"20140701July, 2014",68.8,58.5,79.2,3.3,37,153
"20140601June, 2014",70.2,60.2,80.2,9.66,27,186
"20140501May, 2014",60,48.4,71.5,3.04,206,52
"20140401April, 2014",47.5,35.2,59.7,4.65,526,
"20140301March, 2014",29.7,19.3,40.1,0.81,"1,100",
"20140201February, 2014",13.2,3.2,23.2,1.5,"1,463",
"20140101January, 2014",14.2,2.8,25.6,0.43,"1,588",
"20131201December, 2013",17.4,8.1,26.8,0.62,"1,473",
"20131101November, 2013",33.9,23.9,43.8,1.59,931,
"20131001October, 2013",50.5,39.3,61.8,2.78,446,4
"20130901September, 2013",67,54.5,79.5,1.94,58,117
"20130801August, 2013",71.9,60.4,83.4,1.49,18,233
"20130701July, 2013",72.3,61.2,83.4,1.74,14,238
"20130601June, 2013",68.9,59.4,78.5,4.89,38,159
"20130501May, 2013",59,48.5,69.4,8.65,220,47
"20130401April, 2013",43.8,33.1,54.5,6.43,621,
"20130301March, 2013",29,20.8,37.3,2.09,"1,120",
"20130201February, 2013",24.2,15.8,32.6,1.27,"1,142",
"20130101January, 2013",22,12.2,31.8,0.95,"1,327",
"20121201December, 2012",27.7,18.7,36.6,1.53,"1,144",
"20121101November, 2012",39.2,28.1,50.1,1.05,775,
"20121001October, 2012",48.8,37,60.5,2.98,500,1
"20120901September, 2012",62.1,47.3,76.9,1.62,135,46
"20120801August, 2012",71,57.6,84.3,2.88,24,204
"20120701July, 2012",79.6,67.1,92,1.17,,451
"20120601June, 2012",71.4,59.8,83.1,2.81,20,211
"20120501May, 2012",65,52.5,77.6,3.51,116,121
"20120401April, 2012",52.4,40.3,64.5,3.9,392,5
"20120301March, 2012",51.6,40.2,62.9,1.91,446,31
"20120201February, 2012",29.6,20.8,38.3,1.68,983,
"20120101January, 2012",26.5,16.7,36.3,0.57,"1,195",
"20111201December, 2011",29.1,20.4,37.8,2.08,"1,096",
"20111101November, 2011",39.4,28.8,49.9,2.08,757,
"20111001October, 2011",53.4,39.8,67,0.74,370,10
"20110901September, 2011",60.2,48.6,71.9,1.68,171,30
"20110801August, 2011",72,60.9,83.1,3.02,18,235
"20110701July, 2011",78,68.2,87.7,3.4,,403
"20110601June, 2011",69.6,59.9,79.3,6.19,32,171
"20110501May, 2011",59.1,47.8,70.4,5,223,45
"20110401April, 2011",47.6,37.2,57.9,3.81,521,
"20110301March, 2011",35.1,25.6,44.5,1.5,919,
"20110201February, 2011",22.6,14,31.1,1.39,"1,178",
"20110101January, 2011",14.8,6.6,23.1,0.94,"1,541",
"20101201December, 2010",19.1,11.2,26.9,1.23,"1,429",
"20101101November, 2010",38,27.9,48,1.64,801,
"20101001October, 2010",53.9,39.7,68.1,0.91,355,11
"20100901September, 2010",63.1,52,74.2,5.4,114,63
"20100801August, 2010",74.4,64,84.8,4.83,9,299
"20100701July, 2010",74.6,65,84.1,7.89,5,307
"20100601June, 2010",70.8,60.6,81.1,10.28,24,204
"20100501May, 2010",59.9,48.6,71.2,4.19,203,53
"20100401April, 2010",55.2,42.7,67.7,3.7,303,13
"20100301March, 2010",38.4,29.1,47.7,1.72,808,
"20100201February, 2010",17.3,8.5,26.2,0.96,"1,327",
"20100101January, 2010",13.6,6.9,20.2,1.3,"1,583",
"20091201December, 2009",19.8,12.2,27.5,2.54,"1,381",
"20091101November, 2009",43.4,33.7,53.2,1.19,643,
"20091001October, 2009",44.9,36.7,53.2,6.35,612,
"20090901September, 2009",63.3,51.6,75.1,1.73,111,63
"20090801August, 2009",68.3,58,78.6,5.75,46,149
"20090701July, 2009",68,57.6,78.3,4.62,47,135
"20090601June, 2009",68.9,58.6,79.2,5.29,38,160
"20090501May, 2009",59.8,48.3,71.3,3.64,210,50
"20090401April, 2009",47,35.5,58.4,3.6,535,
"20090301March, 2009",37.1,26.6,47.6,2.97,853,
"20090201February, 2009",26.7,16.5,36.9,0.79,"1,075",
"20090101January, 2009",13.2,3.2,23.2,0.68,"1,620",
"20081201December, 2008",17.6,7.6,27.6,1.88,"1,468",
"20081101November, 2008",37.3,28.4,46.1,1.72,825,
"20081001October, 2008",50.7,39.4,62,3.26,445,3
"20080901September, 2008",63.5,52.6,74.4,4.16,106,68
"20080801August, 2008",69.9,58.4,81.4,1.96,32,181
"20080701July, 2008",73.1,62.7,83.6,5.88,11,260
"20080601June, 2008",69.3,58.6,80.1,8.88,35,168
"20080501May, 2008",57.4,45.4,69.3,5.67,267,30
"20080401April, 2008",46,35.8,56.1,5.86,557,
"20080301March, 2008",32.6,23.3,41.9,1.26,"1,008",
"20080201February, 2008",17,8.2,25.8,1.71,"1,344",
"20080101January, 2008",16.6,7.8,25.4,0.68,"1,492",
"20071201December, 2007",20.3,13,27.6,2.44,"1,374",
"20071101November, 2007",37.2,26.6,47.7,0.18,831,
"20071001October, 2007",55.9,45.7,66.1,5.1,294,19
"20070901September, 2007",64.7,52.1,77.4,2.87,87,86
"20070801August, 2007",74.2,64.4,83.9,9.69,9,297
"20070701July, 2007",73.7,62.2,85.1,3.38,10,270
"20070601June, 2007",70.4,59.2,81.6,3.38,26,188
"20070501May, 2007",64.7,53.2,76.2,5.35,120,116
"20070401April, 2007",46.7,35.6,57.9,4.57,548,
"20070301March, 2007",41.8,32.3,51.3,2.86,722,5
"20070201February, 2007",15.5,7.7,23.3,1.68,"1,392",
"20070101January, 2007",21.6,12.8,30.3,0.91,"1,332",
"20061201December, 2006",31.1,22.1,40.1,2.09,"1,045",
"20061101November, 2006",39.3,28.7,50,1.77,758,
"20061001October, 2006",47.9,37.2,58.6,1.64,529,
"20060901September, 2006",60,49.3,70.7,4.22,174,29
"20060801August, 2006",72.1,62.3,81.8,5.75,17,238
"20060701July, 2006",75.9,64.6,87.3,3.22,2,340
"20060601June, 2006",70,58.3,81.8,2.49,32,176
"20060501May, 2006",60.6,49.5,71.7,2.44,196,57
"20060401April, 2006",53.8,41.6,65.9,4.3,345,9
"20060301March, 2006",36.5,27.2,45.8,3.17,877,
"20060201February, 2006",25.1,14.1,36.2,0.32,"1,113",
"20060101January, 2006",32.4,24.9,39.9,0.99,"1,007",
"20051201December, 2005",19.5,12.7,26.4,1.17,"1,415",
"20051101November, 2005",39.6,28.9,50.3,1.75,760,
"20051001October, 2005",52.6,40.3,64.9,0.91,390,8
"20050901September, 2005",67.6,55,80.2,3.29,51,129
"20050801August, 2005",71.5,60,82.9,3.02,21,222
"20050701July, 2005",74.7,63.5,86,3.27,6,305
"20050601June, 2005",72.6,61.9,83.4,5.25,14,250
"20050501May, 2005",57.8,46.2,69.4,3.85,260,33
"20050401April, 2005",53.4,41.4,65.3,3.45,352,9
"20050301March, 2005",36,25,47,1.05,896,
"20050201February, 2005",31.2,22.8,39.6,1.52,945,
"20050101January, 2005",18.9,11.6,26.2,1.31,"1,423",
"20041201December, 2004",26.6,17,36.1,0.58,"1,191",
"20041101November, 2004",40.6,31.5,49.7,2.21,727,
"20041001October, 2004",51.9,41.2,62.7,2.05,413,6
"20040901September, 2004",66.4,53.7,79.1,2.66,67,106
"20040801August, 2004",66.2,55.4,77.1,4.56,74,111
"20040701July, 2004",70.5,60.5,80.5,4.33,23,193
"20040601June, 2004",67,56.5,77.4,3.55,58,124
"20040501May, 2004",60.7,49.4,71.9,7.74,191,62
"20040401April, 2004",51.1,37.7,64.5,1.85,421,2
"20040301March, 2004",40.8,31.6,50,3.75,749,2
"20040201February, 2004",22.7,14.5,30.9,1.17,"1,173",
"20040101January, 2004",17.7,8.7,26.7,0.96,"1,460",
"20031201December, 2003",28.2,20.6,35.7,1.28,"1,134",
"20031101November, 2003",35.9,27.1,44.7,3.46,861,
"20031001October, 2003",52.4,38.9,65.8,1,403,7
"20030901September, 2003",61.1,48.1,74,3.11,151,38
"20030801August, 2003",74.1,61.9,86.4,1.03,10,291
"20030701July, 2003",73.1,62.2,84,4.11,11,257
"20030601June, 2003",67.3,56.2,78.4,4.48,57,125
"20030501May, 2003",57.9,46.6,69.2,4.61,252,34
"20030401April, 2003",50.4,38.5,62.3,3.25,439,1
"20030301March, 2003",35.1,24.1,46,1.15,931,
"20030201February, 2003",20.4,9.6,31.2,0.82,"1,249",
"20030101January, 2003",19.1,9.4,28.7,0.39,"1,424",
"20021201December, 2002",28.9,18.7,39.1,0.24,"1,116",
"20021101November, 2002",34.7,24.8,44.6,0.22,904,
"20021001October, 2002",46.2,36.4,56,3.58,570,
"20020901September, 2002",65.3,52.8,77.8,1.71,79,94
"20020801August, 2002",70.9,60.1,81.6,5.81,25,205
"20020701July, 2002",76.5,65.6,87.4,4.24,1,353
"20020601June, 2002",72.4,61.4,83.3,3.51,17,232
"20020501May, 2002",56.8,44.6,69.1,4.1,277,28
"20020401April, 2002",48.9,37.4,60.3,3.62,485,
"20020301March, 2002",31,20.5,41.6,1.16,"1,034",
"20020201February, 2002",29.8,19.9,39.7,0.89,980,
"20020101January, 2002",28.6,18.4,38.8,0.4,"1,114",
"20011201December, 2001",30.7,21.8,39.7,0.83,"1,055",
"20011101November, 2001",48,36.9,59,1.55,510,2
"20011001October, 2001",50.2,38.7,61.7,2.46,463,1
"20010901September, 2001",61.2,50.1,72.3,4.07,152,38
"20010801August, 2001",72.5,61.5,83.5,2.97,15,249
"20010701July, 2001",75.1,64.7,85.4,3.12,4,316
"20010601June, 2001",68.3,57.7,78.9,4.07,46,142
"20010501May, 2001",60.9,50.8,71.1,7.04,184,64
"20010401April, 2001",52.7,40.3,65.1,3.6,365,7
"20010301March, 2001",30.2,22,38.4,1.3,"1,071",
"20010201February, 2001",18.1,9.2,26.9,2.16,"1,297",
"20010101January, 2001",20.8,12.5,29.1,1.42,"1,369",
"20001201December, 2000",10,1.4,18.6,1.67,"1,697",
"20001101November, 2000",32.2,24,40.4,2.15,965,
"20001001October, 2000",54.8,43.4,66.2,1.8,324,15
"20000901September, 2000",64.6,51.3,78,2.11,90,84
"20000801August, 2000",72.7,62.5,83,2.62,15,251
"20000701July, 2000",72.2,62.6,81.8,4.09,14,232
"20000601June, 2000",67.7,56.7,78.7,6.56,52,133
"20000501May, 2000",62.8,50.7,74.9,3.6,155,85
"20000401April, 2000",49.4,36.6,62.2,2.03,465,
"20000301March, 2000",43.1,31.5,54.6,1,682,8
"20000201February, 2000",32.5,23,42,1.37,913,
"20000101January, 2000",21.6,11.8,31.5,0.73,"1,347",
"19991201December, 1999",27,17,37,0.71,"1,182",
"19991101November, 1999",44.3,31.4,57,1.02,623,
"19991001October, 1999",50.9,36.8,64.9,0.77,439,4
"19990901September, 1999",61.3,48.1,74.6,1.84,148,39
"19990801August, 1999",70,59.3,80.6,3.11,31,183
"19990701July, 1999",76.8,66.3,87.3,5.21,1,372
"19990601June, 1999",68.9,59,78.7,5.29,37,161
"19990501May, 1999",60.5,50.2,70.8,4.89,192,60
"19990401April, 1999",50,40.3,59.7,6.26,444,
"19990301March, 1999",36.3,25.6,47,0.98,894,
"19990201February, 1999",32.9,24.7,41.1,0.91,892,
"19990101January, 1999",17,9.1,25,1.29,"1,487",
"19981201December, 1998",29.4,19.2,39.5,0.42,"1,096",
"19981101November, 1998",40.7,31.9,49.6,1.61,723,
"19981001October, 1998",53.1,42.7,63.5,4.83,380,9
"19980901September, 1998",68.2,55.7,80.8,2.06,46,139
"19980801August, 1998",72.9,63.4,82.4,5.01,13,260
"19980701July, 1998",73.8,63.7,83.9,3.16,8,282
"19980601June, 1998",67.1,57.4,76.8,7.91,58,125
"19980501May, 1998",65,53.8,76.3,4.3,116,120
"19980401April, 1998",49.7,39.6,59.8,3.94,457,
"19980301March, 1998",32.8,25.6,40,3.65,976,
"19980201February, 1998",34.8,28.5,41.2,1.63,833,
"19980101January, 1998",23.5,16.8,30.2,1.05,"1,279",
"19971201December, 1997",27.4,21.6,33.3,1,"1,163",
"19971101November, 1997",32.9,25.6,40.2,1.02,952,
"19971001October, 1997",52.1,40.4,63.8,3.37,408,6
"19970901September, 1997",64.2,52.6,75.8,3.11,99,75
"19970801August, 1997",69.5,59.1,79.8,2.76,36,172
"19970701July, 1997",73.4,63,83.7,2.95,10,267
"19970601June, 1997",70.4,58.7,82.2,4.38,27,187
"19970501May, 1997",54.2,42.3,66.2,4.03,348,15
"19970401April, 1997",44.3,33.1,55.5,2.63,613,
"19970301March, 1997",37.2,26.4,47.9,1.32,853,
"19970201February, 1997",25,17.5,32.5,1.68,"1,109",
"19970101January, 1997",14.6,5.2,23.9,0.96,"1,556",
"19961201December, 1996",19.6,12.2,27.1,0.87,"1,385",
"19961101November, 1996",29,21.7,36.4,2.65,"1,071",
"19961001October, 1996",51.7,39.6,63.7,2.74,416,6
"19960901September, 1996",60.7,49.9,71.5,2.88,157,35
"19960801August, 1996",70,59.4,80.5,3.79,29,189
"19960701July, 1996",70.5,59.8,81.2,3.2,23,196
"19960601June, 1996",69.5,59.4,79.6,5.07,34,166
"19960501May, 1996",56.4,47.3,65.5,7.34,291,25
"19960401April, 1996",45.7,33,58.5,1.63,574,
"19960301March, 1996",29.9,18.4,41.5,1.38,"1,081",
"19960201February, 1996",23.2,13.7,32.8,0.27,"1,176",
"19960101January, 1996",15.8,6.2,25.3,1.84,"1,512",
"19951201December, 1995",23.9,16.5,31.3,0.4,"1,276",
"19951101November, 1995",30.3,20.7,39.8,1.7,"1,041",
"19951001October, 1995",50.7,39.4,61.9,2,442,4
"19950901September, 1995",60.2,48.4,72.1,2.96,171,30
"19950801August, 1995",76.2,66.2,86.3,3.52,2,360
"19950701July, 1995",73.9,62.7,85,3.46,8,285
"19950601June, 1995",69.9,59.7,80,3.73,28,183
"19950501May, 1995",56.5,46.3,66.7,5.88,281,26
"19950401April, 1995",44.8,34.2,55.3,4.9,602,
"19950301March, 1995",37,27.5,46.6,2.57,856,
"19950201February, 1995",25.4,15.8,35,0.32,"1,114",
"19950101January, 1995",18.3,11,25.6,0.82,"1,449",
"19941201December, 1994",27,19.3,34.7,1.19,"1,161",
"19941101November, 1994",39.4,30.2,48.7,2.21,757,
"19941001October, 1994",53.5,42.8,64.1,1.93,362,11
"19940901September, 1994",64.3,52.8,75.8,3.58,97,76
"19940801August, 1994",68.6,57.4,79.7,3.62,45,154
"19940701July, 1994",70.3,59.8,80.8,3.89,23,193
"19940601June, 1994",70.9,60.3,81.4,6.23,23,199
"19940501May, 1994",60.6,47.7,73.5,2.05,200,56
"19940401April, 1994",49.2,36.3,62.2,2.41,467,
"19940301March, 1994",38,26.4,49.5,0.2,840,
"19940201February, 1994",17.2,7.5,27,1.18,"1,334",
"19940101January, 1994",10.5,1.4,19.6,1.06,"1,690",
"19931201December, 1993",25.5,17.7,33.4,0.76,"1,214",
"19931101November, 1993",33.8,24.7,42.9,1.09,922,
"19931001October, 1993",49.2,38.1,60.2,1.31,486,1
"19930901September, 1993",57.4,47.2,67.5,3.69,239,14
"19930801August, 1993",71.6,62.2,80.9,8.25,20,225
"19930701July, 1993",71.9,63.5,80.3,10.45,15,231
"19930601June, 1993",66.9,56.8,77,8,62,120
"19930501May, 1993",59.2,49,69.4,5.6,217,48
"19930401April, 1993",45,34.9,55.1,3.65,599,
"19930301March, 1993",31,23.2,38.9,2.75,"1,045",
"19930201February, 1993",18.9,12,25.8,1.15,"1,278",
"19930101January, 1993",17.6,9.1,26,1.18,"1,453",
"19921201December, 1992",24,16.4,31.5,1.78,"1,269",
"19921101November, 1992",33,27.5,38.5,4.38,952,
"19921001October, 1992",50.6,38.6,62.6,1.63,450,3
"19920901September, 1992",60.8,49.4,72.1,5.58,162,34
"19920801August, 1992",65.7,54.8,76.6,2.55,81,103
"19920701July, 1992",68.3,59,77.6,8.55,42,150
"19920601June, 1992",67.4,55.1,79.8,1.89,53,131
"19920501May, 1992",60.1,47.2,73,1.75,204,53
"19920401April, 1992",46,35.7,56.4,3.6,563,
"19920301March, 1992",39,28.9,49.1,2.21,808,1
"19920201February, 1992",32,24.7,39.4,1.29,922,
"19920101January, 1992",27.2,18.9,35.4,1,"1,181",
"19911201December, 1991",27.1,19.2,35,1.48,"1,170",
"19911101November, 1991",28.2,20.1,36.3,4.36,"1,087",
"19911001October, 1991",49.7,37.6,61.9,2.92,469,1
"19910901September, 1991",62.4,50.4,74.3,2.79,130,53
"19910801August, 1991",71.6,60.6,82.6,3.45,19,227
"19910701July, 1991",73.6,62.4,84.7,2.32,8,281
"19910601June, 1991",73,62.7,83.4,4.14,12,257
"19910501May, 1991",64.2,54.7,73.6,5.19,128,109
"19910401April, 1991",51.4,40.8,62.1,5.83,410,2
"19910301March, 1991",39.2,28.3,50.1,4.19,796,1
"19910201February, 1991",29.2,19.4,39.1,0.3,"1,006",
"19910101January, 1991",13.4,4,22.8,0.77,"1,595",
"19901201December, 1990",19.8,10.6,29,1.5,"1,388",
"19901101November, 1990",41.2,30.1,52.3,1.65,703,
"19901001October, 1990",50.4,37.6,63.3,1.88,454,3
"19900901September, 1990",66.2,54.4,77.9,1.39,71,103
"19900801August, 1990",71.7,61.7,81.8,4.32,19,226
"19900701July, 1990",72.3,62.5,82,6.37,14,239
"19900601June, 1990",70.3,60,80.6,7.96,29,181
"19900501May, 1990",56.4,45.7,67.2,5.73,291,24
"19900401April, 1990",48.1,36.1,60.1,2.26,503,
"19900301March, 1990",39.6,29.8,49.5,4.3,778,1
"19900201February, 1990",27.8,17.2,38.4,0.67,"1,035",
"19900101January, 1990",29.7,19.7,39.7,0.88,"1,094",
"19891201December, 1989",13.8,4,23.5,0.36,"1,583",
"19891101November, 1989",33.5,21.7,45.3,0.27,933,
"19891001October, 1989",52.2,39.1,65.2,1.92,402,6
"19890901September, 1989",60.5,48.5,72.5,4.84,168,31
"19890801August, 1989",71.2,59.9,82.4,3.58,22,211
"19890701July, 1989",75,63.8,86.2,3.34,5,315
"19890601June, 1989",67.7,56,79.3,3.36,52,132
"19890501May, 1989",59.1,46,72.2,2.57,231,42
"19890401April, 1989",49.3,36.8,61.7,2.09,482,
"19890301March, 1989",33.7,23.7,43.6,0.9,966,
"19890201February, 1989",14.1,3.9,24.3,0.54,"1,421",
"19890101January, 1989",29.1,19.9,38.3,0.92,"1,109",
"19881201December, 1988",25.4,15.3,35.5,0.8,"1,220",
"19881101November, 1988",37.4,27.6,47.1,2.61,825,
"19881001October, 1988",46,33.5,58.4,0.65,593,
"19880901September, 1988",64.7,52,77.4,3.61,89,83
"19880801August, 1988",75.8,63.2,88.5,4.13,3,348
"19880701July, 1988",75.5,62.7,88.4,2.26,3,340
"19880601June, 1988",73.8,59.8,87.9,1.72,11,267
"19880501May, 1988",65.2,51.2,79.3,1.77,119,118
"19880401April, 1988",48.5,34.8,62.2,1.91,493,
"19880301March, 1988",37.8,25.5,50.1,0.79,845,
"19880201February, 1988",18.7,8.3,29.1,0.47,"1,292",
"19880101January, 1988",15.6,5.6,25.7,0.76,"1,524",
"19871201December, 1987",28.1,21.5,34.6,1.8,"1,139",
"19871101November, 1987",41,32.4,49.6,2.64,713,
"19871001October, 1987",46.3,33.8,58.8,0.78,579,
"19870901September, 1987",62.8,51.2,74.4,2.58,122,56
"19870801August, 1987",69.9,59.8,80,7.66,29,191
"19870701July, 1987",76.3,65.5,87.2,5.21,1,357
"19870601June, 1987",73,60.9,85,2.54,13,250
"19870501May, 1987",65.3,52.6,78,3.97,114,122
"19870401April, 1987",52.9,39.4,66.5,1.92,371,7
"19870301March, 1987",40.4,30.2,50.6,3.17,760,1
"19870201February, 1987",33.8,22.7,44.9,0.26,878,
"19870101January, 1987",24.4,15.8,33.1,0.32,"1,261",
"19861201December, 1986",26,19.1,33,0.81,"1,203",
"19861101November, 1986",31.3,21.6,41.1,1.15,"1,003",
"19861001October, 1986",51.3,41.2,61.5,3.77,427,5
"19860901September, 1986",64.7,55.1,74.4,6.79,88,86
"19860801August, 1986",67,56.3,77.7,3.92,63,124
"19860701July, 1986",75.3,65.1,85.5,5.05,3,325
"19860601June, 1986",71.4,60.4,82.3,4.65,22,207
"19860501May, 1986",60.9,50.2,71.6,5.62,188,62
"19860401April, 1986",51.9,40,63.8,4.57,389,6
"19860301March, 1986",39.9,29.1,50.7,2.11,780,1
"19860201February, 1986",19.8,12.1,27.5,1.24,"1,267",
"19860101January, 1986",23.2,13.8,32.6,0.22,"1,314",
"19851201December, 1985",11.4,0.9,21.8,1.27,"1,664",
"19851101November, 1985",28.5,20.8,36.3,2.24,"1,070",
"19851001October, 1985",50.6,40.4,60.9,3.16,445,4
"19850901September, 1985",62.7,53.2,72.3,5.31,115,62
"19850801August, 1985",67.9,56.9,78.9,3.88,50,144
"19850701July, 1985",72.7,60.5,84.9,2.81,12,252
"19850601June, 1985",66.5,54.4,78.6,2.96,67,113
"19850501May, 1985",63.2,50.9,75.5,2.8,148,91
"19850401April, 1985",53.6,41.8,65.3,2.34,348,9
"19850301March, 1985",40.1,29.8,50.4,2.62,773,1
"19850201February, 1985",19.6,10.6,28.6,1.12,"1,273",
"19850101January, 1985",14,3.8,24.2,0.64,"1,586",
"19841201December, 1984",25.7,15.8,35.6,2.1,"1,203",
"19841101November, 1984",37.4,27,47.7,2.04,825,
"19841001October, 1984",52.2,42,62.5,5.25,395,8
"19840901September, 1984",61.1,48.5,73.6,2.07,151,38
"19840801August, 1984",73.4,60.8,86,0.99,12,268
"19840701July, 1984",72.2,60.4,83.9,4.02,15,230
"19840601June, 1984",70.5,59.8,81.3,6.65,25,194
"19840501May, 1984",56.9,45.8,68,4.76,279,27
"19840401April, 1984",46.4,37.3,55.6,5.76,548,
"19840301March, 1984",28.3,20.6,36,1.85,"1,130",
"19840201February, 1984",31.5,22.8,40.3,0.92,931,
"19840101January, 1984",17.6,8.9,26.2,0.51,"1,470",
"19831201December, 1983",7.6,-0.1,15.3,1.11,"1,753",
"19831101November, 1983",37.6,30.5,44.8,4.68,806,
"19831001October, 1983",51,40.8,61.2,3.37,435,5
"19830901September, 1983",64.2,51.6,76.9,4.1,102,74
"19830801August, 1983",78.1,65.7,90.4,2.43,1,403
"19830701July, 1983",77.2,65.6,88.8,2.64,1,378
"19830601June, 1983",69.6,58.7,80.5,5.41,31,178
"19830501May, 1983",55.9,44.7,67,4.69,304,22
"19830401April, 1983",42.6,33.7,51.5,2.91,664,
"19830301March, 1983",35.9,28.4,43.5,3.24,890,
"19830201February, 1983",28.8,21.6,36,1.24,"1,007",
"19830101January, 1983",23.3,16.2,30.4,0.7,"1,279",
"19821201December, 1982",28.7,20.7,36.7,3.4,"1,105",
"19821101November, 1982",35,26.1,43.8,2.93,888,
"19821001October, 1982",52,40.7,63.3,3.33,403,6
"19820901September, 1982",61.8,51.8,71.9,3.41,139,45
"19820801August, 1982",70,59.8,80.1,4.5,31,182
"19820701July, 1982",74.1,63.3,84.8,6.21,8,284
"19820601June, 1982",64.5,53.3,75.7,3.3,97,81
"19820501May, 1982",62.4,52.8,72.1,7.03,156,85
"19820401April, 1982",44.3,32.7,55.9,2.46,628,
"19820301March, 1982",32.8,23.7,42,2.69,"1,000",
"19820201February, 1982",20.1,10.8,29.4,0.4,"1,259",
"19820101January, 1982",7.3,-2.8,17.5,1.78,"1,783",
"19811201December, 1981",21.6,13.4,29.7,1.1,"1,332",
"19811101November, 1981",39.7,30.4,49,2.05,758,
"19811001October, 1981",48.9,38.1,59.7,2.54,498,1
"19810901September, 1981",62.7,50.2,75.2,2.59,127,54
"19810801August, 1981",69.6,59.1,80.1,5.15,33,178
"19810701July, 1981",73.3,63.5,83,4.92,10,262
"19810601June, 1981",70.2,58.5,82,5.43,30,183
"19810501May, 1981",57.8,45.9,69.8,2.54,256,33
"19810401April, 1981",54.4,42,66.8,3.41,336,10
"19810301March, 1981",39.5,26.9,52.1,0.75,792,
"19810201February, 1981",27.1,16,38.2,1.41,"1,061",
"19810101January, 1981",22.8,11.4,34.2,0.1,"1,311",
"19801201December, 1980",24.2,15.4,32.9,1.09,"1,260",
"19801101November, 1980",38.6,27.3,49.8,0.43,796,
"19801001October, 1980",47.8,35.8,59.9,1.96,532,
"19800901September, 1980",64.3,51.9,76.7,3.13,97,76
"19800801August, 1980",73.3,62.4,84.3,7.82,12,275
"19800701July, 1980",76.7,64.6,88.8,2.56,2,364
"19800601June, 1980",69.6,57.7,81.5,4.77,35,164
"19800501May, 1980",61.2,48.1,74.4,2.83,181,66
"19800401April, 1980",49.3,36.8,61.7,1.44,474,
"19800301March, 1980",31.8,22.2,41.3,1.02,"1,029",
"19800201February, 1980",18.9,10.3,27.4,0.74,"1,292",
"19800101January, 1980",20.4,12.5,28.3,1.3,"1,377",
"19791201December, 1979",29,19,39,0.54,"1,112",
"19791101November, 1979",34.8,26.2,43.5,1.85,892,
"19791001October, 1979",51.1,38.9,63.2,3.68,430,5
"19790901September, 1979",64.2,50.8,77.6,1.46,100,73
"19790801August, 1979",70.9,60.7,81.1,6.1,24,209
"19790701July, 1979",72.2,61.4,82.9,4.73,14,234
"19790601June, 1979",69,57.2,80.9,4.11,38,159
"19790501May, 1979",58.7,46.1,71.4,2.91,231,43
"19790401April, 1979",44.6,34.7,54.4,3.05,612,
"19790301March, 1979",31.8,23.2,40.4,3.74,"1,018",
"19790201February, 1979",10.7,0.6,20.8,0.52,"1,512",
"19790101January, 1979",4.6,-3.9,13.2,1.66,"1,861",
"19781201December, 1978",19.3,10.9,27.6,1.02,"1,404",
"19781101November, 1978",35,25.8,44.3,2.41,882,
"19781001October, 1978",49.8,37.7,62,1.31,473,1
"19780901September, 1978",67.5,55.1,79.9,5.51,52,127
"19780801August, 1978",71.2,59.3,83,3.29,22,213
"19780701July, 1978",72.7,62.4,83.1,5.87,12,249
"19780601June, 1978",69.8,57.8,81.7,4.25,32,174
"19780501May, 1978",59.6,48.6,70.5,3.76,215,47
"19780401April, 1978",48.2,38.1,58.3,4.64,498,
"19780301March, 1978",30.9,20.9,40.9,0.71,"1,060",
"19780201February, 1978",11.8,1.6,21.9,0.78,"1,488",
"19780101January, 1978",8,-1.4,17.4,0.59,"1,755",
"19771201December, 1977",19.7,11.9,27.5,1.06,"1,402",
"19771101November, 1977",35.2,26.3,44.1,1.65,887,
"19771001October, 1977",49.4,38.7,60.1,4.12,482,1
"19770901September, 1977",63.7,53.3,74.2,4.69,105,70
"19770801August, 1977",68.4,57.7,79.2,8.2,47,151
"19770701July, 1977",76.6,64.4,88.7,3.99,2,361
"19770601June, 1977",70.9,58.3,83.5,2.67,25,196
"19770501May, 1977",67.1,55.1,79,2.77,87,152
"19770401April, 1977",55,42.6,67.5,2.53,310,12
"19770301March, 1977",41.6,31.6,51.7,3.9,721,4
"19770201February, 1977",26.5,14.5,38.5,0.51,"1,086",
"19770101January, 1977",6.2,-4.4,17,0.5,"1,825",
"19761201December, 1976",17.6,5.6,29.6,0.31,"1,481",
"19761101November, 1976",29.5,17.6,41.4,0.1,"1,064",
"19761001October, 1976",45.4,33.2,57.7,1.53,604,
"19760901September, 1976",62.4,48.5,76.3,1.47,136,48
"19760801August, 1976",71,58,83.9,1.48,27,198
"19760701July, 1976",74.5,62.3,86.7,2.55,7,296
"19760601June, 1976",69.3,56.6,82,3.25,35,162
"19760501May, 1976",57.6,45.1,70,3.2,262,31
"19760401April, 1976",52.2,40,64.4,4.59,396,4
"19760301March, 1976",37,27.1,47,3.41,854,
"19760201February, 1976",32.5,21.3,43.6,1.48,913,
"19760101January, 1976",19.3,8.4,30.2,0.23,"1,420",
"19751201December, 1975",26.1,18.4,33.9,0.76,"1,191",
"19751101November, 1975",40.2,30.4,50.1,3.47,722,
"19751001October, 1975",53.9,39.3,68.4,0.31,358,11
"19750901September, 1975",58.7,47.5,69.9,2.14,209,20
"19750801August, 1975",73.4,62,84.8,5.12,13,268
"19750701July, 1975",74.3,62.2,86.4,0.96,8,289
"19750601June, 1975",69.2,58.8,79.6,5.38,34,168
"19750501May, 1975",62.8,50.7,74.9,3.3,153,87
"19750401April, 1975",43.5,34,52.9,3.82,646,
"19750301March, 1975",26.9,17.6,36.1,2.14,"1,183",
"19750201February, 1975",20.1,12.2,28,1.14,"1,241",
"19750101January, 1975",19.6,10.5,28.7,1.53,"1,391",
"19741201December, 1974",25.4,17.8,32.9,1.12,"1,219",
"19741101November, 1974",36.8,28.2,45.4,1.41,837,
"19741001October, 1974",51.9,39.6,64.2,2.9,415,6
"19740901September, 1974",58.3,45.3,71.2,1.59,218,17
"19740801August, 1974",68,57.2,78.9,4.77,49,145
"19740701July, 1974",77,64.5,89.6,2.29,1,366
"19740601June, 1974",66.6,54.8,78.4,4.7,69,111
"19740501May, 1974",57.9,47.7,68.2,6.27,262,34
"19740401April, 1974",50.6,38.8,62.5,3.34,429,1
"19740301March, 1974",36.9,26.7,47.1,1.71,875,
"19740201February, 1974",24.9,15.6,34.2,0.67,"1,129",
"19740101January, 1974",16.9,8.4,25.4,1.21,"1,480",
"19731201December, 1973",20.1,12.4,27.8,2.03,"1,380",
"19731101November, 1973",37.6,29,46.2,2.25,816,
"19731001October, 1973",56.2,44.7,67.6,2.57,289,20
"19730901September, 1973",62.2,52.9,71.4,6.92,130,51
"19730801August, 1973",72.9,61.9,83.8,2.74,14,257
"19730701July, 1973",73.2,62.9,83.4,5.22,10,265
"19730601June, 1973",70.8,59.2,82.5,3.49,24,198
"19730501May, 1973",57.2,46,68.4,6.04,276,28
"19730401April, 1973",46.7,36.4,56.9,4.63,550,
"19730301March, 1973",42.1,34.1,50.2,3.97,702,6
"19730201February, 1973",25.5,17.5,33.5,1.33,"1,097",
"19730101January, 1973",20.4,12.2,28.6,1.73,"1,369",
"19721201December, 1972",17,8.9,25.2,1.73,"1,472",
"19721101November, 1972",33.5,27.3,39.7,2.28,943,
"19721001October, 1972",47.4,36.7,58.1,3.1,542,
"19720901September, 1972",62.9,51.9,74,5.61,115,64
"19720801August, 1972",71.1,60.8,81.4,4.32,22,213
"19720701July, 1972",71.5,61,81.9,5.67,18,218
"19720601June, 1972",68.2,55.9,80.6,3.7,50,138
"19720501May, 1972",61,49.7,72.3,4.57,183,64
"19720401April, 1972",46.3,35,57.5,3.58,564,
"19720301March, 1972",34.4,24.1,44.8,1.31,953,
"19720201February, 1972",17.9,7.1,28.7,0.71,"1,322",
"19720101January, 1972",14.7,4.8,24.6,0.47,"1,549",
"19711201December, 1971",25.6,18.5,32.7,1.87,"1,200",
"19711101November, 1971",37.1,28.2,46,3.08,830,
"19711001October, 1971",56.5,45.2,67.9,3.61,271,24
"19710901September, 1971",64.9,52.2,77.5,2.42,84,90
"19710801August, 1971",70,57,83,1.24,32,181
"19710701July, 1971",69.9,58.5,81.3,3.43,28,179
"19710601June, 1971",74.2,62.5,85.9,4.5,9,288
"19710501May, 1971",56.8,44.3,69.2,3.57,285,26
"19710401April, 1971",49.6,36.2,63,1.37,465,
"19710301March, 1971",31.8,22.8,40.7,0.91,"1,031",
"19710201February, 1971",20.4,12.1,28.8,2.42,"1,246",
"19710101January, 1971",12.4,2.9,22,1.09,"1,626",
"19701201December, 1970",23.3,13.9,32.8,1.12,"1,277",
"19701101November, 1970",35.2,27,43.4,1.69,884,
"19701001October, 1970",50.5,40.3,60.7,4.06,440,4
"19700901September, 1970",62.9,52,73.8,6.1,121,57
"19700801August, 1970",71.5,60.2,82.8,3.98,22,217
"19700701July, 1970",73.7,61.5,86,3.54,9,276
"19700601June, 1970",70,58.6,81.3,3.13,31,174
"19700501May, 1970",63.1,51.3,74.9,4.95,150,90
"19700401April, 1970",49.3,37.1,61.4,2.31,467,
"19700301March, 1970",30.6,21.6,39.6,2.2,"1,053",
"19700201February, 1970",23.5,11.6,35.5,0.17,"1,163",
"19700101January, 1970",9.5,0.1,19,0.27,"1,715",
"19691201December, 1969",21.5,13.7,29.3,1.46,"1,343",
"19691101November, 1969",36.2,25.4,47,0.27,863,
"19691001October, 1969",47.8,37.3,58.2,3.61,527,
"19690901September, 1969",62.9,51.3,74.5,2.34,121,57
"19690801August, 1969",71.8,60,83.6,2.62,18,229
"19690701July, 1969",73.9,64,83.8,6.26,9,280
"19690601June, 1969",64.3,52.8,75.7,7.19,101,79
"19690501May, 1969",60.6,49.1,72.2,3.82,196,57
"19690401April, 1969",49.8,38.2,61.4,3.37,453,
"19690301March, 1969",26.6,16.5,36.8,1.09,"1,169",
"19690201February, 1969",23.4,15.9,30.9,0.98,"1,154",
"19690101January, 1969",13.8,5.7,21.8,1.77,"1,574",
"19681201December, 1968",20.7,12.5,29,2.07,"1,354",
"19681101November, 1968",34.6,26.2,42.9,1.19,905,
"19681001October, 1968",52.4,40.9,63.9,3.48,397,8
"19680901September, 1968",61.8,50.3,73.2,4.66,140,44
"19680801August, 1968",71.5,60.4,82.5,3.55,21,220
"19680701July, 1968",72.4,61.2,83.6,4.33,13,242
"19680601June, 1968",70.6,58.7,82.5,4.72,26,192
"19680501May, 1968",56,43.8,68.1,2.69,299,23
"19680401April, 1968",50.2,37.4,63,4.39,442,
"19680301March, 1968",41.6,27.8,55.4,0.92,728,4
"19680201February, 1968",21.2,10.7,31.6,0.18,"1,225",
"19680101January, 1968",18.5,9.3,27.7,0.62,"1,432",
"19671201December, 1967",25.9,17.6,34.3,0.91,"1,200",
"19671101November, 1967",34,24.5,43.6,0.67,929,
"19671001October, 1967",49.4,38.1,60.7,3.15,482,1
"19670901September, 1967",60.1,47.3,73,2.61,175,28
"19670801August, 1967",67.6,55.2,80,2.65,59,130
"19670701July, 1967",70.4,58.4,82.5,2.15,24,188
"19670601June, 1967",68.2,58,78.4,8.59,44,148
"19670501May, 1967",55.6,43.4,67.9,2.74,310,21
"19670401April, 1967",49.6,38.1,61,3.34,463,
"19670301March, 1967",38.1,26.6,49.7,1.6,839,
"19670201February, 1967",19.4,8,30.8,0.55,"1,282",
"19670101January, 1967",21.2,11.1,31.4,1.17,"1,339",
"19661201December, 1966",22.8,14,31.6,1.06,"1,294",
"19661101November, 1966",36.3,25.6,47,0.49,845,
"19661001October, 1966",50.9,37,64.8,1.61,439,3
"19660901September, 1966",60.5,48.1,72.9,1.43,164,32
"19660801August, 1966",68.2,56,80.3,2.51,47,148
"19660701July, 1966",76,64.6,87.4,3.28,2,341
"19660601June, 1966",68.7,57.3,80,5.63,41,150
"19660501May, 1966",56.3,42.9,69.6,3.87,305,23
"19660401April, 1966",44.2,33.6,54.8,1.93,615,
"19660301March, 1966",39.1,27.7,50.6,1.83,802,
"19660201February, 1966",22.5,11.6,33.4,0.72,"1,186",
"19660101January, 1966",11.1,1.7,20.5,0.96,"1,663",
"19651201December, 1965",31.8,23.1,40.5,1.68,"1,023",
"19651101November, 1965",37.6,27,48.2,1.3,810,
"19651001October, 1965",52.7,40.5,64.8,1.06,393,8
"19650901September, 1965",58.8,49,68.5,9.84,195,26
"19650801August, 1965",69.9,58.2,81.6,4.19,31,182
"19650701July, 1965",72.5,61.4,83.5,3.4,14,239
"19650601June, 1965",68.3,57.4,79.3,3.94,47,142
"19650501May, 1965",63.8,51.9,75.7,4.76,138,101
"19650401April, 1965",47.2,36.7,57.6,4.6,537,
"19650301March, 1965",22.8,14.6,31,2.81,"1,295",
"19650201February, 1965",18.7,7.8,29.7,1.29,"1,284",
"19650101January, 1965",16.6,6.6,26.7,1.38,"1,490",
"19641201December, 1964",20.2,11.5,28.9,0.94,"1,377",
"19641101November, 1964",39.4,28.9,50,1.2,752,
"19641001October, 1964",49.6,35.9,63.3,0.28,480,1
"19640901September, 1964",62.1,51.3,72.8,4.56,133,49
"19640801August, 1964",68.4,56.5,80.3,3.85,44,153
"19640701July, 1964",75.8,64.2,87.4,4.04,2,334
"19640601June, 1964",69.3,57.8,80.8,5.04,35,166
"19640501May, 1964",65,53,76.9,4.01,117,120
"19640401April, 1964",49.2,37.9,60.5,5.13,474,
"19640301March, 1964",31,20,42,1.49,"1,041",
"19640201February, 1964",26.9,15.3,38.6,0.31,"1,068",
"19640101January, 1964",25.4,15.2,35.6,0.4,"1,222",
"19631201December, 1963",13.1,3.6,22.6,0.49,"1,609",
"19631101November, 1963",40.8,30,51.5,1.35,721,
"19631001October, 1963",61.5,48.2,74.8,1.08,167,64
"19630901September, 1963",64.1,52.8,75.4,2.47,102,72
"19630801August, 1963",70.1,59.1,81.1,3.8,32,183
"19630701July, 1963",74,62.7,85.2,5.51,9,279
"19630601June, 1963",72.7,60.3,85.1,2.66,15,243
"19630501May, 1963",59.2,47.8,70.6,2.86,225,44
"19630401April, 1963",51.2,39,63.4,3.13,417,2
"19630301March, 1963",38.7,28.3,49.1,2.58,814,
"19630201February, 1963",18.7,7.9,29.4,0.56,"1,311",
"19630101January, 1963",8.2,-0.7,17.1,0.65,"1,761",
"19621201December, 1962",23.1,13.6,32.7,0.38,"1,301",
"19621101November, 1962",38.3,28.5,48,0.56,806,
"19621001October, 1962",53.6,42.8,64.4,2.81,361,11
"19620901September, 1962",59.8,47.7,71.8,2.17,182,27
"19620801August, 1962",70.9,59,82.8,4.18,24,206
"19620701July, 1962",70.9,60.4,81.4,6.2,23,198
"19620601June, 1962",68.3,57.2,79.3,3.08,45,146
"19620501May, 1962",65.8,54.6,77,5.55,106,132
"19620401April, 1962",46.6,34.3,58.9,1.8,549,
"19620301March, 1962",27.8,19.1,36.5,1.64,"1,142",
"19620201February, 1962",20.2,12.5,27.8,2.04,"1,254",
"19620101January, 1962",12.4,2.8,22.1,0.64,"1,626",
"19611201December, 1961",18.2,9.8,26.6,1.49,"1,434",
"19611101November, 1961",35.5,26.7,44.3,2.96,872,
"19611001October, 1961",52.9,40.5,65.3,3.01,380,9
"19610901September, 1961",61,50.2,71.8,7.26,150,41
"19610801August, 1961",71.4,59.7,83.1,3.04,20,219
"19610701July, 1961",71.9,60.6,83.3,5.54,16,228
"19610601June, 1961",68.6,56.3,80.8,3.38,41,151
"19610501May, 1961",56.6,44.5,68.7,2.4,286,26
"19610401April, 1961",42.8,32.1,53.5,1.99,666,
"19610301March, 1961",35.5,27.6,43.4,4.22,907,
"19610201February, 1961",27.4,17.5,37.4,1.7,"1,040",
"19610101January, 1961",18.4,7.6,29.4,0.27,"1,435",
"19601201December, 1960",22.3,12.6,32.1,0.62,"1,322",
"19601101November, 1960",38.2,26.9,49.5,0.95,799,
"19601001October, 1960",51.5,38.8,64.2,2.18,427,5
"19600901September, 1960",64.4,53.1,75.7,3.53,93,81
"19600801August, 1960",72.3,61.3,83.3,5.37,16,242
"19600701July, 1960",71.9,60,83.8,2.81,16,226
"19600601June, 1960",66.7,55.8,77.5,4.29,66,115
"19600501May, 1960",58.9,47.4,70.4,5.89,232,41
"19600401April, 1960",49.8,38.6,61,3.27,448,
"19600301March, 1960",19.6,9.9,29.4,1.54,"1,400",
"19600201February, 1960",18.7,10.5,26.8,1.17,"1,289",
"19600101January, 1960",18.9,11.2,26.6,2.19,"1,413",
"19591201December, 1959",31.2,24.1,38.3,1.77,"1,043",
"19591101November, 1959",27.6,17.6,37.5,1.86,"1,120",
"19591001October, 1959",47,37,57,2.94,552,
"19590901September, 1959",62.7,51.8,73.6,4.35,119,58
"19590801August, 1959",75.4,65,85.8,4.91,6,329
"19590701July, 1959",71.6,59.7,83.5,2.39,17,219
"19590601June, 1959",70.8,59,82.5,4.05,25,195
"19590501May, 1959",62,51.4,72.5,7.58,164,78
"19590401April, 1959",48.1,35.9,60.2,2.83,507,
"19590301March, 1959",33.9,24.4,43.5,3.23,966,
"19590201February, 1959",19.2,9,29.5,1.32,"1,270",
"19590101January, 1959",13.2,3.2,23.3,0.77,"1,604",
"19581201December, 1958",19.3,8.9,29.7,0.25,"1,420",
"19581101November, 1958",38.6,26.8,50.3,1.62,785,
"19581001October, 1958",53.8,40.2,67.3,0.92,356,11
"19580901September, 1958",63.6,51.6,75.6,3.07,112,64
"19580801August, 1958",71.9,60,83.8,2.47,19,226
"19580701July, 1958",69.6,59.4,79.8,7.17,30,171
"19580601June, 1958",65.4,54,76.7,3.86,86,93
"19580501May, 1958",61.5,47.8,75.2,2,180,67
"19580401April, 1958",48.3,36.3,60.4,2.23,494,
"19580301March, 1958",32.7,24.3,41.2,0.56,992,
"19580201February, 1958",15.6,5.2,26,0.48,"1,386",
"19580101January, 1958",22,14.5,29.4,0.7,"1,338",
"19571201December, 1957",29.3,20.3,38.3,1.18,"1,106",
"19571101November, 1957",33.8,26.1,41.6,2.5,931,
"19571001October, 1957",48.2,37.7,58.7,2.75,515,
"19570901September, 1957",59.9,48.3,71.5,2.7,175,28
"19570801August, 1957",71.9,60.6,83.3,3.75,18,233
"19570701July, 1957",77.1,65.9,88.4,3.63,1,369
"19570601June, 1957",68.1,56.9,79.3,4.77,46,144
"19570501May, 1957",58.2,47.2,69.1,4.94,247,37
"19570401April, 1957",48.3,37.1,59.4,2.52,492,
"19570301March, 1957",34.3,23.8,44.8,1.88,945,
"19570201February, 1957",28.3,19,37.6,0.34,"1,019",
"19570101January, 1957",13.1,3.3,23,0.56,"1,601",
"19561201December, 1956",26.4,17.2,35.5,0.52,"1,197",
"19561101November, 1956",35.2,25.4,44.9,2.03,888,
"19561001October, 1956",57.7,43.8,71.7,1.4,252,28
"19560901September, 1956",62.2,47.6,76.8,1.54,138,48
"19560801August, 1956",72,60.5,83.5,4.49,18,232
"19560701July, 1956",71.9,60,83.9,4.52,16,233
"19560601June, 1956",73.8,60.8,86.8,2.6,11,270
"19560501May, 1956",61.5,48.9,74,3.28,181,68
"19560401April, 1956",45.4,31.8,58.9,1.98,583,
"19560301March, 1956",32.6,21.6,43.6,0.93,"1,000",
"19560201February, 1956",21.4,10.9,32,0.54,"1,204",
"19560101January, 1956",17.2,7.7,26.6,0.45,"1,465",
"19551201December, 1955",18.5,8.9,28,0.49,"1,426",
"19551101November, 1955",29.1,18.3,40,0.24,"1,060",
"19551001October, 1955",51.9,39,64.8,1.48,413,6
"19550901September, 1955",65.4,51.3,79.5,3.05,83,91
"19550801August, 1955",76.1,62.4,89.7,1.88,4,343
"19550701July, 1955",78.9,67.4,90.4,3.46,,431
"19550601June, 1955",66.3,54.7,77.9,2.99,70,109
"19550501May, 1955",62.7,49.7,75.7,2.71,158,82
"19550401April, 1955",55.2,42.2,68.1,3.5,310,13
"19550301March, 1955",32.5,21.1,43.9,0.97,995,
"19550201February, 1955",19.3,9.3,29.3,1.3,"1,259",
"19550101January, 1955",19.1,10.6,27.7,0.9,"1,420",
"19541201December, 1954",26.2,18.4,33.9,0.72,"1,202",
"19541101November, 1954",39.7,28.9,50.5,0.24,764,
"19541001October, 1954",50.3,40.3,60.3,4.16,452,4
"19540901September, 1954",65.2,53.1,77.2,2.19,83,91
"19540801August, 1954",71,60.5,81.5,7.08,25,206
"19540701July, 1954",76.6,64.4,88.8,1.8,2,357
"19540601June, 1954",72,61.2,82.9,6.4,17,233
"19540501May, 1954",54.8,42.6,66.9,3.8,333,18
"19540401April, 1954",51.5,38.9,64.1,4.37,407,2
"19540301March, 1954",31.1,21.4,40.8,1.75,"1,044",
"19540201February, 1954",35.6,24.8,46.3,1.43,829,
"19540101January, 1954",17.1,5.7,28.5,0.24,"1,465",
"19531201December, 1953",26.7,17,36.4,1.34,"1,182",
"19531101November, 1953",39.6,27.8,51.3,1.33,761,
"19531001October, 1953",56.7,42.1,71.3,0.48,277,22
"19530901September, 1953",63.7,48.3,79,0.92,108,68
"19530801August, 1953",72.2,59.3,85,2.31,17,239
"19530701July, 1953",73.8,62.1,85.6,3.32,9,282
"19530601June, 1953",72.3,60.6,84.1,5.24,17,231
"19530501May, 1953",59.1,47.6,70.6,2.37,225,44
"19530401April, 1953",42.8,32.4,53.2,3.16,662,
"19530301March, 1953",35.5,25.8,45.2,2.92,912,
"19530201February, 1953",26.3,17.2,35.3,1.66,"1,077",
"19530101January, 1953",20.6,12.2,29,0.74,"1,359",
"19521201December, 1952",24.4,17.5,31.4,1.18,"1,240",
"19521101November, 1952",36.7,25.1,48.2,2.73,840,
"19521001October, 1952",46.1,30.3,61.8,0.02,590,
"19520901September, 1952",63.8,49.5,78,0.85,108,68
"19520801August, 1952",69,57.9,80,4.69,39,164
"19520701July, 1952",73.9,62.1,85.6,3.78,7,290
"19520601June, 1952",73.3,61.5,85.1,5.39,13,261
"19520501May, 1952",58.6,47.3,70,3.82,237,40
"19520401April, 1952",48.8,36.4,61.1,1.87,481,
"19520301March, 1952",30.5,22.2,38.8,3.22,"1,058",
"19520201February, 1952",29.8,22.1,37.6,0.65,983,
"19520101January, 1952",18.6,8.5,28.8,1.31,"1,423",
"19511201December, 1951",18.6,9.6,27.5,0.97,"1,423",
"19511101November, 1951",29.2,19.1,39.3,1.29,"1,072",
"19511001October, 1951",50.6,40,61.2,3.27,440,4
"19510901September, 1951",58.7,47.6,69.8,2.47,204,21
"19510801August, 1951",69.4,58.8,80.1,6.17,37,173
"19510701July, 1951",71.3,60.6,82.1,4.53,18,216
"19510601June, 1951",64.4,54.5,74.4,6.19,94,84
"19510501May, 1951",61.4,49.8,73,4.98,175,69
"19510401April, 1951",43.3,34,52.6,4.89,640,
"19510301March, 1951",26.1,17.1,35.2,4.18,"1,190",
"19510201February, 1951",22.8,13.2,32.5,2.42,"1,187",
"19510101January, 1951",16,6.3,25.7,0.61,"1,516",
"19501201December, 1950",16.9,7.5,26.4,0.75,"1,498",
"19501101November, 1950",31.3,20.1,42.5,0.57,"1,010",
"19501001October, 1950",56.3,42.7,70,1.26,282,22
"19500901September, 1950",62,49.5,74.4,2.09,135,48
"19500801August, 1950",66.8,55.5,78,2.4,64,122
"19500701July, 1950",69,57.3,80.7,4.47,34,162
"19500601June, 1950",67.7,56,79.4,5.76,53,131
"19500501May, 1950",59,47.2,70.7,4.89,224,46
"19500401April, 1950",41.5,30.4,52.6,2.77,702,
"19500301March, 1950",29.6,20,39.2,1.03,"1,093",
"19500201February, 1950",21.1,11,31.2,1.53,"1,231",
"19500101January, 1950",16.7,5.1,28.2,1.5,"1,458",
"19491201December, 1949",25.4,15.1,35.7,1.09,"1,213",
"19491101November, 1949",40,28.4,51.7,0.5,754,
"19491001October, 1949",54.2,41.8,66.6,1.92,342,13
"19490901September, 1949",58.2,44.9,71.4,3.2,225,16
"19490801August, 1949",72.1,59.9,84.3,2.29,17,237
"19490701July, 1949",75.6,64.2,86.9,3.56,2,333
"19490601June, 1949",71.8,60.4,83.1,5.55,18,223
"19490501May, 1949",62.7,50.9,74.5,2.67,158,83
"19490401April, 1949",48.2,34.7,61.8,1.31,503,
"19490301March, 1949",33.3,24.4,42.1,2.48,976,
"19490201February, 1949",18.2,7.6,28.9,0.89,"1,295",
"19490101January, 1949",16.3,7.3,25.2,2.7,"1,488",
"19481201December, 1948",23.6,14.7,32.6,1.68,"1,268",
"19481101November, 1948",37.2,29.1,45.3,2.72,819,
"19481001October, 1948",50.2,36.5,63.9,1.92,465,1
"19480901September, 1948",66.9,53.6,80.1,2.03,61,114
"19480801August, 1948",73.1,61.2,85,2.62,13,262
"19480701July, 1948",74.3,62.3,86.4,4.29,7,294
"19480601June, 1948",67.8,56.2,79.4,3.53,51,135
"19480501May, 1948",58.4,46.5,70.3,2.31,249,36
"19480401April, 1948",53.3,40.7,66,2.66,355,8
"19480301March, 1948",31.1,20.3,41.9,2.51,"1,037",
"19480201February, 1948",21.6,11.4,31.7,1.87,"1,210",
"19480101January, 1948",15.6,6,25.3,0.38,"1,528",
"19471201December, 1947",24.7,16.1,33.4,1.45,"1,230",
"19471101November, 1947",30.6,23.2,38,1.88,"1,026",
"19471001October, 1947",59.9,48.4,71.5,3.74,197,46
"19470901September, 1947",66.4,53.7,79,2.1,66,109
"19470801August, 1947",79.4,66.5,92.4,1.5,,448
"19470701July, 1947",72,59.8,84.3,1.65,15,228
"19470601June, 1947",65.4,55.4,75.3,9.9,82,96
"19470501May, 1947",54.7,42.8,66.6,4.23,339,17
"19470401April, 1947",45.7,35.1,56.4,4.91,570,
"19470301March, 1947",30.4,21.9,38.9,1.35,"1,070",
"19470201February, 1947",16.6,7.1,26,0.3,"1,356",
"19470101January, 1947",24,14.2,33.7,1.43,"1,270",
"19461201December, 1946",27.4,17.1,37.8,0.62,"1,151",
"19461101November, 1946",36.1,26,46.2,1.73,854,
"19461001October, 1946",54.2,42.2,66.2,3.31,334,13
"19460901September, 1946",62.1,50.2,73.9,5.02,133,49
"19460801August, 1946",67.9,56.8,79,3.6,53,138
"19460701July, 1946",73.1,61.6,84.7,2.48,11,259
"19460601June, 1946",69,57.5,80.6,6.25,38,158
"19460501May, 1946",55.7,44.5,67,4.52,307,21
"19460401April, 1946",52.8,39.9,65.6,1.14,372,7
"19460301March, 1946",45.6,34.8,56.4,4.03,611,12
"19460201February, 1946",27,15.9,38.2,0.37,"1,063",
"19460101January, 1946",20.8,11,30.6,1.79,"1,363",
"19451201December, 1945",16.1,8.6,23.7,1.96,"1,505",
"19451101November, 1945",35,24.8,45.2,1.28,897,
"19451001October, 1945",50.5,37.7,63.4,0.34,456,3
"19450901September, 1945",61.8,50.4,73.1,4.21,142,45
"19450801August, 1945",71.5,60.2,82.7,3.25,21,218
"19450701July, 1945",71.4,59.4,83.4,3,18,216
"19450601June, 1945",63.4,53.3,73.4,4.66,111,69
"19450501May, 1945",54.3,43,65.5,6.16,348,16
"19450401April, 1945",47.5,36.4,58.6,4.41,512,
"19450301March, 1945",44,32,55.9,2.83,642,10
"19450201February, 1945",23.9,15,32.8,1.44,"1,151",
"19450101January, 1945",17.4,9.6,25.2,0.67,"1,489",
"19441201December, 1944",18.7,10.6,26.7,1.24,"1,444",
"19441101November, 1944",38.6,31.9,45.3,1.67,783,
"19441001October, 1944",52.3,39.5,65.2,1.01,401,7
"19440901September, 1944",63.2,52.3,74.1,2.25,110,66
"19440801August, 1944",70.9,60.2,81.7,5.73,22,212
"19440701July, 1944",72,59.8,84.2,3.73,15,231
"19440601June, 1944",71,60.7,81.4,5.72,22,207
"19440501May, 1944",63.8,52.9,74.7,6.22,136,102
"19440401April, 1944",43.8,34,53.6,4.42,626,
"19440301March, 1944",28.9,20.9,36.9,2.51,"1,108",
"19440201February, 1944",25.2,14.3,36,1.09,"1,108",
"19440101January, 1944",28.2,17.1,39.2,1.07,"1,144",
"19431201December, 1943",24.4,14,34.8,0.52,"1,254",
"19431101November, 1943",31.9,22.6,41.2,1.06,989,
"19431001October, 1943",50.3,37.2,63.3,1.63,460,1
"19430901September, 1943",59,46.8,71.2,2.22,204,21
"19430801August, 1943",72.9,62.3,83.6,5.06,14,258
"19430701July, 1943",74.7,62.9,86.5,4.55,5,307
"19430601June, 1943",70.8,60.8,80.8,6.01,23,202
"19430501May, 1943",56.8,45.8,67.7,4.35,279,27
"19430401April, 1943",47.7,35.1,60.3,2.6,528,
"19430301March, 1943",29.6,18,41.3,1.55,"1,089",
"19430201February, 1943",25.8,14.4,37.1,0.77,"1,108",
"19430101January, 1943",14.6,5.4,23.9,0.77,"1,549",
"19421201December, 1942",18.4,10.4,26.3,1.53,"1,444",
"19421101November, 1942",36.9,26.5,47.3,1.73,840,
"19421001October, 1942",51.6,38.5,64.8,1.48,420,6
"19420901September, 1942",60.2,49.7,70.7,4.1,171,32
"19420801August, 1942",71.3,60,82.5,3.22,22,213
"19420701July, 1942",73.6,62.1,85.1,5.08,9,275
"19420601June, 1942",69,58.6,79.4,5.89,37,162
"19420501May, 1942",58.5,47.7,69.3,4.67,234,41
"19420401April, 1942",53.6,40.1,67,1.07,350,9
"19420301March, 1942",37,28.4,45.6,1.99,858,
"19420201February, 1942",21.9,14.3,29.5,1.09,"1,201",
"19420101January, 1942",19.7,10.8,28.6,0.73,"1,411",
"19411201December, 1941",30.3,22.1,38.6,1.85,"1,064",
"19411101November, 1941",38.2,28.6,47.7,1.83,794,
"19411001October, 1941",53.1,42.7,63.5,5.81,374,9
"19410901September, 1941",65.4,54,76.8,7.43,80,94
"19410801August, 1941",74.1,61.5,86.8,2,10,290
"19410701July, 1941",74.5,62,87,2.21,7,298
"19410601June, 1941",69.3,58.9,79.8,6.14,34,168
"19410501May, 1941",65.4,52.8,77.9,3.16,113,124
"19410401April, 1941",52.7,41.6,63.8,2.52,369,7
"19410301March, 1941",32.1,22.8,41.4,1.02,"1,021",
"19410201February, 1941",20.6,11.4,29.9,0.49,"1,242",
"19410101January, 1941",21.7,14.2,29.2,1.69,"1,332",
"19401201December, 1940",26.4,19.1,33.7,1.36,"1,186",
"19401101November, 1940",31.6,22.3,41,2.51,988,
"19401001October, 1940",56.5,42.9,70,2.32,292,20
"19400901September, 1940",64.9,51.7,78,0.87,93,80
"19400801August, 1940",69.7,59.9,79.5,6.42,31,184
"19400701July, 1940",76.1,63,89.2,4.57,2,346
"19400601June, 1940",70.6,58.6,82.7,3.67,24,200
"19400501May, 1940",57.6,44.4,70.7,2.02,264,31
"19400401April, 1940",46.4,34.9,57.8,3.15,555,
"19400301March, 1940",30.2,22,38.4,1.7,"1,077",
"19400201February, 1940",22.8,14.8,30.7,1.11,"1,173",
"19400101January, 1940",6.6,-2.3,15.6,0.81,"1,794",
"19391201December, 1939",30.7,20.4,40.9,0.6,"1,061",
"19391101November, 1939",38.1,25.9,50.3,0.49,809,
"19391001October, 1939",52.2,38.7,65.7,1.48,398,7
"19390901September, 1939",68.2,53.5,83,0.84,46,139
"19390801August, 1939",69.9,57.8,82,4.67,31,181
"19390701July, 1939",75.6,63.1,88.1,3.2,3,326
"19390601June, 1939",70.8,59.6,82,4.92,24,198
"19390501May, 1939",65.7,51.8,79.6,2.04,110,127
"19390401April, 1939",46.7,34.7,58.8,2,549,
"19390301March, 1939",35.2,23.8,46.5,1.63,920,
"19390201February, 1939",18.8,6.8,30.7,1.77,"1,271",
"19390101January, 1939",26.7,17.9,35.5,0.86,"1,179",
"19381201December, 1938",24.6,15.7,33.4,0.69,"1,251",
"19381101November, 1938",35.7,25.2,46.3,2.7,861,
"19381001October, 1938",58.2,44.2,72.1,0.85,246,30
"19380901September, 1938",65.8,53.3,78.2,5.95,78,96
"19380801August, 1938",74.8,62.7,86.9,3.5,8,309
"19380701July, 1938",75.9,63.5,88.3,4.57,2,340
"19380601June, 1938",68.6,57,80.2,4.57,44,148
"19380501May, 1938",58.8,48.1,69.5,5.49,229,43
"19380401April, 1938",49.2,38.6,59.9,3.62,470,
"19380301March, 1938",42.3,30.8,53.8,2.33,698,7
"19380201February, 1938",27.4,18.7,36,0.95,"1,028",
"19380101January, 1938",18.9,9.8,28,1.1,"1,427",
"19371201December, 1937",20.9,12.8,28.9,0.74,"1,365",
"19371101November, 1937",32.1,21,43.2,0.71,986,
"19371001October, 1937",49,37.4,60.6,2.09,494,1
"19370901September, 1937",64.9,50.8,78.9,1.54,92,81
"19370801August, 1937",76.9,64.7,89.1,4.11,1,365
"19370701July, 1937",75.3,62.3,88.3,2.52,3,319
"19370601June, 1937",68.2,56.9,79.6,3.72,46,145
"19370501May, 1937",61.2,49.7,72.6,3.97,185,64
"19370401April, 1937",46.6,36.9,56.3,3.19,547,
"19370301March, 1937",31.7,22.8,40.5,1.65,"1,030",
"19370201February, 1937",18,8.6,27.5,1.02,"1,304",
"19370101January, 1937",10.7,0.2,21.2,2.24,"1,644",
"19361201December, 1936",26.8,17.9,35.7,1.51,"1,170",
"19361101November, 1936",33.8,22.9,44.6,0.66,935,
"19361001October, 1936",49.6,38.2,60.9,1.6,474,1
"19360901September, 1936",67,56,77.9,6.99,60,118
"19360801August, 1936",78.2,63.9,92.5,3.49,1,403
"19360701July, 1936",82.7,66.9,98.4,0.56,,535
"19360601June, 1936",69.3,55.9,82.8,2.86,39,162
"19360501May, 1936",65.5,53.2,77.9,2.78,108,129
"19360401April, 1936",44.6,32.2,57.1,1.08,609,
"19360301March, 1936",37.8,26.6,49,1.02,834,
"19360201February, 1936",4.4,-5.7,14.4,1.33,"1,678",
"19360101January, 1936",7.6,-1.2,16.4,1.66,"1,760",
"19351201December, 1935",20.6,12.9,28.3,0.94,"1,381",
"19351101November, 1935",32.2,24.1,40.3,2.69,972,
"19351001October, 1935",49.6,37.4,61.8,2.67,470,1
"19350901September, 1935",64,51.5,76.4,3.34,102,71
"19350801August, 1935",72.7,60.7,84.7,2.48,15,248
"19350701July, 1935",78.8,67.2,90.5,3.27,,421
"19350601June, 1935",65.2,54.5,75.8,6.99,86,92
"19350501May, 1935",54.2,44.2,64.2,4.53,345,16
"19350401April, 1935",45.6,35.6,55.6,1.94,576,
"19350301March, 1935",39.4,28.8,50,1.42,793,1
"19350201February, 1935",27.7,20.2,35.1,1.13,"1,052",
"19350101January, 1935",18.6,9.7,27.5,1.13,"1,431",
"19341201December, 1934",19.6,11.8,27.6,0.59,"1,401",
"19341101November, 1934",40.1,31.2,49.1,4.92,736,
"19341001October, 1934",55.3,42.4,68.2,1.52,317,16
"19340901September, 1934",59.9,48,71.9,4.97,173,30
"19340801August, 1934",72.3,58.7,85.9,2.83,21,236
"19340701July, 1934",78.9,65.5,92.3,4.09,,428
"19340601June, 1934",76.5,62.2,90.7,3.45,3,361
"19340501May, 1934",69,53.3,84.6,0.96,66,182
"19340401April, 1934",49.2,35.8,62.6,1.01,474,
"19340301March, 1934",33.2,21.1,45.3,1.1,985,
"19340201February, 1934",23.5,12.5,34.5,0.45,"1,171",
"19340101January, 1934",24.8,16.1,33.6,0.84,"1,233",
"19331201December, 1933",25.2,15.1,35.3,1.01,"1,226",
"19331101November, 1933",36,24.3,47.8,0.33,872,
"19331001October, 1933",48.9,36.6,61.2,1.32,501,
"19330901September, 1933",68.4,56,80.9,4.16,40,150
"19330801August, 1933",69.6,57.3,81.8,2.92,33,178
"19330701July, 1933",75.5,62.9,88.2,3.54,2,328
"19330601June, 1933",77.1,62.7,91.6,1.52,1,361
"19330501May, 1933",59.8,48.8,70.7,4.24,209,51
"19330401April, 1933",47.7,35.6,59.7,1.19,520,
"19330301March, 1933",34.8,24.7,44.8,3.05,929,
"19330201February, 1933",20.8,9.2,32.5,0.32,"1,228",
"19330101January, 1933",30.4,20.4,40.5,0.9,"1,061",
"19321201December, 1932",20.1,11,29.2,1.38,"1,375",
"19321101November, 1932",31.4,21,41.7,1.51,"1,004",
"19321001October, 1932",48.4,36.8,60.1,1.77,510,
"19320901September, 1932",61.1,47.8,74.4,2.1,152,38
"19320801August, 1932",71.4,60.2,82.6,6.76,21,217
"19320701July, 1932",75.2,62.9,87.6,3.08,2,322
"19320601June, 1932",71.3,60.1,82.5,5.14,20,212
"19320501May, 1932",61.7,48.8,74.6,3.92,173,72
"19320401April, 1932",48.9,37.1,60.6,1.9,488,
"19320301March, 1932",27.1,17.8,36.3,1.42,"1,171",
"19320201February, 1932",27.2,16.9,37.6,0.8,"1,033",
"19320101January, 1932",20.5,12.6,28.3,1.89,"1,347",
"19311201December, 1931",32.2,25.5,38.9,2.4,"1,006",
"19311101November, 1931",42,32.5,51.6,5.75,671,
"19311001October, 1931",55.6,45.6,65.7,2.97,301,18
"19310901September, 1931",70,58.3,81.8,6.74,28,178
"19310801August, 1931",71.8,58.7,84.9,3.14,19,228
"19310701July, 1931",76.6,63.3,89.9,2.61,1,366
"19310601June, 1931",74.4,62.6,86.2,3.45,8,289
"19310501May, 1931",56.8,44,69.6,2.91,283,26
"19310401April, 1931",50,36.8,63.1,2.27,451,
"19310301March, 1931",33.7,24,43.4,1.63,966,
"19310201February, 1931",34,23,45,0.23,870,
"19310101January, 1931",27.1,17.1,37.2,0.5,"1,178",
"19301201December, 1930",24.8,17,32.7,0.55,"1,251",
"19301101November, 1930",39.5,27.6,51.3,2.15,763,
"19301001October, 1930",49.5,39.1,59.9,2.04,481,1
"19300901September, 1930",65.2,51.4,79.1,2.44,80,95
"19300801August, 1930",73.6,60.6,86.6,2.35,11,278
"19300701July, 1930",77.3,63.6,91,1.52,1,376
"19300601June, 1930",68.3,56.2,80.4,5.7,43,148
"19300501May, 1930",59.4,47.8,71.1,3.76,214,49
"19300401April, 1930",51,38,64,2.74,423,2
"19300301March, 1930",36.2,23.9,48.4,0.89,888,
"19300201February, 1930",34,24,44,0.66,871,
"19300101January, 1930",8.7,-1.3,18.7,1.29,"1,735",
"19291201December, 1929",23,14.6,31.4,0.4,"1,290",
"19291101November, 1929",30.5,21,40,1.18,"1,026",
"19291001October, 1929",50.6,39.2,62,2.94,450,3
"19290901September, 1929",61.4,50.1,72.7,3.78,142,44
"19290801August, 1929",71,58.5,83.5,2.49,25,202
"19290701July, 1929",73.5,62.2,84.9,4.2,9,273
"19290601June, 1929",66.8,54.8,78.8,2.86,63,118
"19290501May, 1929",57,45.3,68.7,2.39,273,29
"19290401April, 1929",50.1,39,61.1,4.49,439,1
"19290301March, 1929",37.8,27.4,48.3,1.39,832,
"19290201February, 1929",12.5,2.3,22.7,1.32,"1,468",
"19290101January, 1929",8.2,-2,18.5,2.01,"1,753",
"19281201December, 1928",27,18.4,35.6,0.87,"1,176",
"19281101November, 1928",37,28.9,45.1,3.77,832,
"19281001October, 1928",53,41.4,64.6,3.64,373,10
"19280901September, 1928",59.5,46.6,72.4,2.94,191,24
"19280801August, 1928",71.9,60.2,83.7,6.32,18,233
"19280701July, 1928",73.3,61.7,84.9,4.33,10,267
"19280601June, 1928",63.9,52.6,75.1,5.38,104,74
"19280501May, 1928",61.7,48,75.4,2.49,173,72
"19280401April, 1928",43.1,31.1,55.2,2.19,649,
"19280301March, 1928",37.6,26.1,49.2,1.45,849,
"19280201February, 1928",27.1,17.8,36.3,1.93,"1,055",
"19280101January, 1928",23.3,13.8,32.8,0.16,"1,291",
"19271201December, 1927",17,6.7,27.3,1.05,"1,462",
"19271101November, 1927",35.9,26.5,45.4,0.93,856,
"19271001October, 1927",54.2,41.1,67.3,3.21,344,13
"19270901September, 1927",66.3,54.6,77.9,4.76,65,111
"19270801August, 1927",66.9,54,79.8,2.4,65,122
"19270701July, 1927",72.2,58.9,85.6,1.92,14,239
"19270601June, 1927",65.8,54.5,77.1,2.24,78,100
"19270501May, 1927",57.6,46.9,68.3,4.72,259,33
"19270401April, 1927",48.1,38.2,58,4.77,501,
"19270301March, 1927",38.4,28.5,48.3,1.88,810,
"19270201February, 1927",29.2,19.8,38.6,1.13,993,
"19270101January, 1927",19.6,10.9,28.4,0.29,"1,405",
"19261201December, 1926",20.1,11.5,28.6,1.05,"1,378",
"19261101November, 1926",30.7,22.1,39.4,2.11,"1,020",
"19261001October, 1926",49.9,39.2,60.6,1.54,468,1
"19260901September, 1926",62,52.6,71.4,9.56,132,51
"19260801August, 1926",72.6,61.1,84,3.76,15,250
"19260701July, 1926",74.2,62.4,86,3.82,8,288
"19260601June, 1926",65.4,52.5,78.4,4.18,86,93
"19260501May, 1926",63.8,50,77.5,2.64,139,99
"19260401April, 1926",45,31.5,58.4,0.95,608,
"19260301March, 1926",30.8,20.6,41,0.98,"1,067",
"19260201February, 1926",29.7,21.3,38,0.73,988,
"19260101January, 1926",20.6,11.1,30.2,1.01,"1,368",
"19251201December, 1925",19,10,27.9,1.36,"1,436",
"19251101November, 1925",34.3,23.2,45.4,0.73,924,
"19251001October, 1925",39,29.8,48.3,2.87,796,
"19250901September, 1925",67.9,56.4,79.5,5.04,46,137
"19250801August, 1925",71.6,58.9,84.2,3.43,20,222
"19250701July, 1925",73.5,60.6,86.3,2.71,10,272
"19250601June, 1925",69.6,58,81.2,6.37,32,174
"19250501May, 1925",56.9,42.4,71.4,1.15,282,27
"19250401April, 1925",55.4,42.2,68.7,2.22,300,14
"19250301March, 1925",38.8,25.6,52,0.91,813,
"19250201February, 1925",26.8,16.5,37.1,0.78,"1,062",
"19250101January, 1925",17.4,7.5,27.4,0.36,"1,459",
"19241201December, 1924",13.6,4.5,22.6,1.71,"1,579",
"19241101November, 1924",37,25.9,48.2,0.61,835,
"19241001October, 1924",56.6,43.1,70.2,0.82,280,21
"19240901September, 1924",57.8,46.3,69.4,3,231,15
"19240801August, 1924",70.7,59.7,81.6,5.47,27,199
"19240701July, 1924",69.4,57.2,81.6,3.74,31,169
"19240601June, 1924",66,55.3,76.7,7.94,75,105
"19240501May, 1924",53.4,41,65.8,1.68,369,13
"19240401April, 1924",49.5,36.9,62,1.35,460,
"19240301March, 1924",30.6,23,38.2,2.71,"1,059",
"19240201February, 1924",24.4,14.8,34,1.21,"1,139",
"19240101January, 1924",12,1.4,22.7,0.76,"1,631",
"19231201December, 1923",31.9,22.5,41.2,0.77,"1,017",
"19231101November, 1923",38.4,27.6,49.2,0.59,798,
"19231001October, 1923",47.4,35.9,58.9,1.22,543,
"19230901September, 1923",63.2,52.4,74,5.95,116,60
"19230801August, 1923",69.7,58,81.2,5.52,33,180
"19230701July, 1923",75.9,63.7,88.2,1.77,2,344
"19230601June, 1923",70.4,60,80.8,4.88,25,195
"19230501May, 1923",58.7,46.6,70.9,2.78,231,42
"19230401April, 1923",47.2,34.6,59.8,2.08,532,
"19230301March, 1923",28.3,17,39.5,2.85,"1,136",
"19230201February, 1923",18.6,7.4,29.9,0.41,"1,301",
"19230101January, 1923",24.7,16,33.4,0.81,"1,249",
"19221201December, 1922",22.2,11.8,32.7,0.35,"1,315",
"19221101November, 1922",40.6,32.3,48.8,3.61,728,
"19221001October, 1922",54.8,41.2,68.3,1.73,329,14
"19220901September, 1922",66,53.5,78.6,2.08,71,102
"19220801August, 1922",72.9,60.8,85,2.85,14,254
"19220701July, 1922",70.9,59.6,82.2,6.38,21,205
"19220601June, 1922",71.5,58.9,84,1.77,20,214
"19220501May, 1922",62.7,51.2,74.2,3.47,150,89
"19220401April, 1922",48.7,37.2,60.3,3.01,487,
"19220301March, 1922",37,27.2,46.8,1.9,864,
"19220201February, 1922",22.4,10.9,33.8,1.58,"1,174",
"19220101January, 1922",18,7.3,28.7,0.84,"1,448",
"19211201December, 1921",26.4,16.4,36.3,1.04,"1,192",
"19211101November, 1921",31.9,22.9,40.8,0.58,986,
"19211001October, 1921",53.3,40.8,65.7,1.96,375,10
"19210901September, 1921",66.2,54.4,78,6.69,68,107
"19210801August, 1921",71.3,59.7,82.9,5.02,22,215
"19210701July, 1921",77.3,65.1,89.6,2.59,,391
"19210601June, 1921",74,62.5,85.6,3.63,9,283
"19210501May, 1921",62.6,50.9,74.3,4.3,152,88
"19210401April, 1921",51.5,39.2,63.7,3.37,406,3
"19210301March, 1921",41.8,30.1,53.4,1.59,717,4
"19210201February, 1921",29.6,19.2,40,0.75,991,
"19210101January, 1921",26.5,18.3,34.6,0.48,"1,187",
"19201201December, 1920",24.7,16.8,32.5,1.18,"1,240",
"19201101November, 1920",33.8,25.2,42.3,2.22,932,
"19201001October, 1920",56.5,43.9,69.1,2.11,278,22
"19200901September, 1920",65.4,53.5,77.4,3.23,79,95
"19200801August, 1920",68.4,55.6,81.1,3.4,44,153
"19200701July, 1920",71.6,60,83.4,3.97,17,220
"19200601June, 1920",70,58.5,81.5,3.35,28,184
"19200501May, 1920",58.7,46.9,70.5,3.3,235,40
"19200401April, 1920",41.4,31.4,51.5,4.4,696,
"19200301March, 1920",36.9,25.5,48.2,2.95,863,
"19200201February, 1920",22.6,14.6,30.7,0.52,"1,191",
"19200101January, 1920",14.7,5.7,23.7,0.43,"1,569",
"19191201December, 1919",13.3,5,21.6,0.57,"1,603",
"19191101November, 1919",32,22.5,41.5,3.41,981,
"19191001October, 1919",49.5,38.7,60.3,3.17,462,3
"19190901September, 1919",66.4,54.2,78.6,5.3,66,110
"19190801August, 1919",70.6,58.1,83.1,2.63,25,200
"19190701July, 1919",76.8,64.2,89.4,2.74,1,368
"19190601June, 1919",71.3,61,81.6,5.85,19,217
"19190501May, 1919",57.5,45.8,69.2,3.07,267,30
"19190401April, 1919",47.6,37.5,57.8,4.79,508,
"19190301March, 1919",36.4,25.3,47.5,2.26,880,
"19190201February, 1919",23.7,14.4,33.1,2.37,"1,144",
"19190101January, 1919",25.2,15.2,35.2,0.24,"1,237",
"19181201December, 1918",30.9,23.2,38.6,1.23,"1,052",
"19181101November, 1918",38.1,29.1,47.1,2.03,797,
"19181001October, 1918",53.9,42.6,65.2,3.6,347,12
"19180901September, 1918",57.5,44.5,70.6,1.84,240,15
"19180801August, 1918",75,62.6,87.4,3.59,7,320
"19180701July, 1918",72.5,60.1,84.9,3.31,14,243
"19180601June, 1918",70.2,58.7,81.8,5.2,31,182
"19180501May, 1918",64.3,51.5,77.1,6.85,126,111
"19180401April, 1918",44,31.8,56.2,2.3,627,
"19180301March, 1918",41.9,28.1,55.8,0.65,719,5
"19180201February, 1918",22,9.9,34.1,0.96,"1,198",
"19180101January, 1918",7.2,-2.6,17.1,0.98,"1,788",
"19171201December, 1917",13.3,4.4,22.2,0.55,"1,590",
"19171101November, 1917",39.5,28.9,50.1,0.27,766,
"19171001October, 1917",41.8,30.2,53.4,1.34,718,
"19170901September, 1917",61.8,50.3,73.3,2.87,143,44
"19170801August, 1917",68.6,55.7,81.6,2.36,42,158
"19170701July, 1917",74,61.9,86.1,2.36,8,287
"19170601June, 1917",65.6,54.5,76.7,6.57,79,100
"19170501May, 1917",54.7,42.2,67.2,3.91,331,18
"19170401April, 1917",44.8,34.3,55.4,4.39,596,
"19170301March, 1917",33.7,22.9,44.5,1.78,954,
"19170201February, 1917",14.2,1.8,26.6,0.37,"1,417",
"19170101January, 1917",15.5,4.8,26.2,0.85,"1,528",
"19161201December, 1916",17.3,6.5,28.2,1.02,"1,465",
"19161101November, 1916",36,25.6,46.4,1.54,862,
"19161001October, 1916",49.9,37.7,62,2.13,464,3
"19160901September, 1916",61.7,49.1,74.3,3.85,140,45
"19160801August, 1916",73.4,60.7,86,2.68,11,277
"19160701July, 1916",79.3,66.2,92.3,1.76,,443
"19160601June, 1916",64,52.8,75.2,3.71,104,75
"19160501May, 1916",59.2,47.6,70.9,4.75,222,45
"19160401April, 1916",46.4,35.4,57.4,2.49,549,
"19160301March, 1916",34.2,22.8,45.6,1.54,950,
"19160201February, 1916",17.8,8.3,27.3,0.57,"1,316",
"19160101January, 1916",16.4,6.5,26.3,2.46,"1,476",
"19151201December, 1915",23.3,15.3,31.3,0.66,"1,295",
"19151101November, 1915",38.7,28.1,49.3,1.9,786,
"19151001October, 1915",53.2,40.9,65.5,1.28,373,10
"19150901September, 1915",62.8,52.3,73.4,6.08,118,60
"19150801August, 1915",65.2,53.8,76.6,2.82,89,95
"19150701July, 1915",69,59,79,8.06,33,165
"19150601June, 1915",64.5,53.4,75.6,4.1,95,84
"19150501May, 1915",55.6,44.6,66.5,7.35,313,21
"19150401April, 1915",56.2,43.4,69,1.32,276,17
"19150301March, 1915",28.4,20.8,36,0.92,"1,121",
"19150201February, 1915",27.8,20.7,34.9,2.86,"1,031",
"19150101January, 1915",15.8,6.9,24.7,1.63,"1,526",
"19141201December, 1914",14.2,5.6,22.9,1.3,"1,557",
"19141101November, 1914",39.4,27.1,51.8,0.21,766,
"19141001October, 1914",54.9,43.9,65.8,3.25,323,14
"19140901September, 1914",63.6,51.8,75.4,7.47,109,66
"19140801August, 1914",72.9,59.9,85.9,2.19,15,257
"19140701July, 1914",76.2,63.4,88.9,2.28,2,351
"19140601June, 1914",71.7,60.4,83,5.69,21,221
"19140501May, 1914",61.7,49.2,74.2,3.31,170,75
"19140401April, 1914",48,36.4,59.5,2.49,502,
"19140301March, 1914",33.8,23.9,43.6,1.77,963,
"19140201February, 1914",15.6,5.1,26.1,0.83,"1,383",
"19140101January, 1914",26.2,16.9,35.4,0.86,"1,198",
"19131201December, 1913",30.4,22,38.9,0.97,"1,059",
"19131101November, 1913",42.3,33.2,51.4,1.17,676,
"19131001October, 1913",48.2,36.7,59.7,3.01,511,
"19130901September, 1913",63.5,51.5,75.6,3.37,108,67
"19130801August, 1913",75.8,62.6,89,2.76,6,338
"19130701July, 1913",75.7,62.9,88.6,1.86,3,342
"19130601June, 1913",71,58.7,83.2,3.31,22,203
"19130501May, 1913",58.8,48.1,69.5,6.33,231,43
"19130401April, 1913",49.3,37.2,61.4,3.17,464,
"19130301March, 1913",30.7,19.3,42.1,2.5,"1,059",
"19130201February, 1913",18.6,7.3,29.9,0.82,"1,295",
"19130101January, 1913",19.3,8.3,30.2,0.81,"1,406",
"19121201December, 1912",27.6,16.8,38.5,0.71,"1,149",
"19121101November, 1912",38.5,26.9,50,0.97,795,
"19121001October, 1912",51.1,38.7,63.5,3.06,431,5
"19120901September, 1912",61.3,50.6,72.1,3.99,142,44
"19120801August, 1912",70.2,58.8,81.6,3.85,29,193
"19120701July, 1912",74.1,61.9,86.3,3.76,7,293
"19120601June, 1912",65.8,53.3,78.2,2.67,74,106
"19120501May, 1912",62,49.6,74.3,3.17,167,78
"19120401April, 1912",49,37.4,60.5,2.61,478,
"19120301March, 1912",23.8,14,33.6,1.96,"1,278",
"19120201February, 1912",16.7,7.6,25.8,1.15,"1,360",
"19120101January, 1912",2.4,-6.7,11.5,0.52,"1,942",
"19111201December, 1911",26.3,18.4,34.3,2.51,"1,181",
"19111101November, 1911",28.2,18.4,38.1,1.43,"1,099",
"19111001October, 1911",47.6,38,57.1,3.42,534,
"19110901September, 1911",64.8,53.3,76.3,5,92,84
"19110801August, 1911",70.9,58.3,83.4,3.48,26,206
"19110701July, 1911",75,61,89,2.4,3,318
"19110601June, 1911",75,61.4,88.5,1.91,7,303
"19110501May, 1911",64.5,51.8,77.2,3.92,121,116
"19110401April, 1911",45.9,34.9,56.9,3.06,575,
"19110301March, 1911",38.3,25.5,51,0.87,831,
"19110201February, 1911",25.9,17,34.8,2.76,"1,085",
"19110101January, 1911",18.4,7.9,28.9,0.87,"1,437",
"19101201December, 1910",21.6,12.2,30.9,0.37,"1,347",
"19101101November, 1910",31.7,21.8,41.5,0.34,"1,007",
"19101001October, 1910",54,40.9,67.2,0.82,352,12
"19100901September, 1910",62.4,51.1,73.7,3.74,127,53
"19100801August, 1910",71.4,59.3,83.5,4.09,19,227
"19100701July, 1910",74.2,60.6,87.8,1.85,6,302
"19100601June, 1910",69,55.6,82.3,2.01,37,159
"19100501May, 1910",54.9,42.8,67,3.28,325,19
"19100401April, 1910",51.7,38,65.3,1.52,403,3
"19100301March, 1910",47.7,33.8,61.5,0.16,559,17
"19100201February, 1910",16.4,5.6,27.3,0.44,"1,356",
"19100101January, 1910",16.1,7.3,25,1.59,"1,514",
"19091201December, 1909",13.4,5.9,20.8,2.17,"1,590",
"19091101November, 1909",40.8,30.6,50.9,5.35,711,
"19091001October, 1909",48.4,36.8,60,2.05,518,
"19090901September, 1909",61.5,50.3,72.8,3.64,146,42
"19090801August, 1909",75.4,63.3,87.6,1.88,6,329
"19090701July, 1909",71.8,61.5,82.1,4.69,16,224
"19090601June, 1909",68.6,58.1,79.2,6.29,41,153
"19090501May, 1909",57.2,45,69.4,4.37,271,30
"19090401April, 1909",42.9,32,53.8,4.49,656,
"19090301March, 1909",31.3,22.6,40.1,1.51,"1,039",
"19090201February, 1909",24.7,14.8,34.6,1.56,"1,117",
"19090101January, 1909",19.6,10.8,28.4,1.67,"1,398",
"19081201December, 1908",25.5,16.1,35,0.58,"1,224",
"19081101November, 1908",37.5,26.5,48.5,1.54,821,
"19081001October, 1908",50,39,61.1,3.34,460,3
"19080901September, 1908",67,53.6,80.3,1.25,61,115
"19080801August, 1908",69.4,57.6,81.1,4.75,36,172
"19080701July, 1908",72.7,61.2,84.2,3.66,11,256
"19080601June, 1908",66.6,56.4,76.9,5.49,63,118
"19080501May, 1908",59,47.9,70,8.12,226,44
"19080401April, 1908",49.4,37.1,61.8,2.29,471,
"19080301March, 1908",36.8,26.2,47.3,1.63,870,
"19080201February, 1908",22.9,14.2,31.7,1.64,"1,180",
"19080101January, 1908",23.2,12.5,33.8,0.45,"1,295",
"19071201December, 1907",27.1,18.7,35.5,0.98,"1,170",
"19071101November, 1907",35.1,24.9,45.3,1.01,897,
"19071001October, 1907",49,36.3,61.7,1.54,500,1
"19070901September, 1907",61.9,50.4,73.3,2.86,140,46
"19070801August, 1907",70.3,59,81.5,4.36,29,190
"19070701July, 1907",73.4,62.5,84.2,7.1,10,271
"19070601June, 1907",66.1,55.2,76.9,5.26,75,104
"19070501May, 1907",52.7,40,65.3,3.59,393,11
"19070401April, 1907",40.6,28.9,52.3,1.3,725,
"19070301March, 1907",39.6,29.1,50.2,1.34,778,2
"19070201February, 1907",23.7,13.7,33.8,0.73,"1,159",
"19070101January, 1907",17.2,8.9,25.5,1.53,"1,464",
"19061201December, 1906",24.7,16.5,32.9,1.45,"1,247",
"19061101November, 1906",33.7,25.7,41.8,2.06,936,
"19061001October, 1906",49.5,37.7,61.3,1.94,477,1
"19060901September, 1906",66.3,54.6,78,4.14,63,114
"19060801August, 1906",73.5,62.3,84.7,3.97,11,280
"19060701July, 1906",70.6,58,83.2,3.18,22,201
"19060601June, 1906",67.5,55.2,79.8,3.78,53,133
"19060501May, 1906",60.3,47.9,72.8,3.42,199,57
"19060401April, 1906",51.5,39.1,63.9,2.42,408,3
"19060301March, 1906",26.1,18.2,34,2.32,"1,198",
"19060201February, 1906",22.3,11.1,33.4,1.28,"1,203",
"19060101January, 1906",23.6,14.2,33.2,1.54,"1,287",
"19051201December, 1905",25.4,15.4,35.4,0.54,"1,231",
"19051101November, 1905",37,26.4,47.7,2.91,841,
"19051001October, 1905",48.3,37.4,59.1,3.32,509,1
"19050901September, 1905",65,54.1,76,3.56,84,88
"19050801August, 1905",73.7,62.2,85.1,4.05,11,279
"19050701July, 1905",70.2,59.5,80.9,3.12,24,189
"19050601June, 1905",69.5,58.2,80.8,5.01,33,172
"19050501May, 1905",57.8,46,69.7,6.09,249,36
"19050401April, 1905",46.7,34.7,58.7,2.93,542,
"19050301March, 1905",40.3,30.1,50.5,2.08,772,2
"19050201February, 1905",11.7,0.7,22.8,1.54,"1,493",
"19050101January, 1905",9.4,-0.4,19.2,0.97,"1,716",
"19041201December, 1904",21.6,11.6,31.5,1.38,"1,348",
"19041101November, 1904",39.2,26.9,51.6,0.16,776,
"19041001October, 1904",51.8,40.4,63.2,1.7,414,6
"19040901September, 1904",63.1,51.6,74.6,2.84,114,63
"19040801August, 1904",68.3,56.1,80.6,3.41,47,149
"19040701July, 1904",70.2,59,81.4,4.28,25,189
"19040601June, 1904",66.7,55.4,78.1,3.3,62,119
"19040501May, 1904",59.2,47,71.4,3.59,221,45
"19040401April, 1904",43.2,31.7,54.8,3.41,647,
"19040301March, 1904",33.7,24.3,43.1,2.17,968,
"19040201February, 1904",13.5,2.7,24.2,0.51,"1,443",
"19040101January, 1904",12.7,3.5,21.9,1.19,"1,624",
"19031201December, 1903",18.1,7.3,28.8,0.41,"1,465",
"19031101November, 1903",32.9,23.4,42.3,0.52,967,
"19031001October, 1903",51.1,38.8,63.4,1.93,436,4
"19030901September, 1903",60.1,48.8,71.4,3.72,172,30
"19030801August, 1903",68.4,58.1,78.8,6.4,45,155
"19030701July, 1903",72.4,61.2,83.6,5.23,13,247
"19030601June, 1903",64.1,52.8,75.3,2.94,103,74
"19030501May, 1903",61.2,50.7,71.6,8.55,177,69
"19030401April, 1903",49,37.2,60.8,2.98,472,
"19030301March, 1903",37.9,28.1,47.7,1.38,821,
"19030201February, 1903",18.6,8.4,28.8,1.12,"1,286",
"19030101January, 1903",21.1,12.4,29.9,0.25,"1,360",
"19021201December, 1902",18.4,10.4,26.6,2.16,"1,430",
"19021101November, 1902",39.5,30.7,48.4,2.07,741,
"19021001October, 1902",52.4,40.6,64.2,2.33,396,7
"19020901September, 1902",58.2,47.1,69.3,4.46,218,17
"19020801August, 1902",68.4,58.4,78.4,6.72,47,149
"19020701July, 1902",72.6,62,83.2,8.63,12,251
"19020601June, 1902",64.7,54.3,75.2,7.13,93,85
"19020501May, 1902",63.2,51.8,74.7,5.54,144,95
"19020401April, 1902",47.2,33.7,60.8,1.74,529,
"19020301March, 1902",37.8,27.9,47.7,1.44,839,
"19020201February, 1902",16.1,6,26.3,0.68,"1,377",
"19020101January, 1902",20.6,10.4,30.8,0.89,"1,380",
"19011201December, 1901",18.6,10.5,26.8,0.95,"1,429",
"19011101November, 1901",34,22.4,45.6,0.83,934,
"19011001October, 1901",52.9,40.6,65.2,2.02,378,9
"19010901September, 1901",62.4,50.4,74.4,4.81,124,56
"19010801August, 1901",73.1,58.9,87.4,1.32,13,260
"19010701July, 1901",82,67.7,96.3,2.3,,527
"19010601June, 1901",71.7,59,84.4,3.8,18,226
"19010501May, 1901",60.2,47.4,72.9,2.39,200,55
"19010401April, 1901",49,36.8,61.1,1.81,480,
"19010301March, 1901",33.4,23.7,43,2.54,980,
"19010201February, 1901",16.2,5.8,26.6,1.02,"1,382",
"19010101January, 1901",21.9,12.3,31.5,0.71,"1,333",
"19001201December, 1900",25.4,16.8,34,0.44,"1,226",
"19001101November, 1900",32,23,41.1,1.06,982,
"19001001October, 1900",58.4,46.5,70.2,3.97,234,32
"19000901September, 1900",63.9,52.4,75.3,5.02,102,72
"19000801August, 1900",76.9,65.4,88.4,4.73,1,373
"19000701July, 1900",73.1,61.4,84.8,6.59,11,257
"19000601June, 1900",69,56.2,81.8,3.95,38,157
"19000501May, 1900",62.9,50.6,75.3,3.13,151,88
"19000401April, 1900",51.6,39.3,64,2.69,405,4
"19000301March, 1900",29.9,19.7,40.1,2.09,"1,093",
"19000201February, 1900",13.7,2.7,24.6,1.27,"1,426",
"19000101January, 1900",24.2,14.8,33.6,0.5,"1,262",
"18991201December, 1899",21,11.9,30,1.59,"1,361",
"18991101November, 1899",42.6,31.7,53.4,1.19,669,
"18991001October, 1899",55.6,42.3,69,1.83,301,19
"18990901September, 1899",61.7,48.3,75.1,0.96,142,44
"18990801August, 1899",73.5,61.5,85.4,3.54,11,274
"18990701July, 1899",72.5,60.2,84.7,3.1,12,246
"18990601June, 1899",70.1,59,81.3,5.17,28,187
"18990501May, 1899",59.6,48.1,71.1,6.04,211,50
"18990401April, 1899",48,35.5,60.4,2.37,501,
"18990301March, 1899",23.4,14.5,32.2,1.58,"1,263",
"18990201February, 1899",11.2,0.4,21.9,0.84,"1,488",
"18990101January, 1899",18.2,7.9,28.5,0.25,"1,443",
"18981201December, 1898",16.8,7.4,26.1,0.46,"1,483",
"18981101November, 1898",30.8,20,41.8,1.46,"1,013",
"18981001October, 1898",46.5,36.8,56.2,3.58,565,
"18980901September, 1898",64.5,51.9,77,2.62,91,82
"18980801August, 1898",71.4,59.2,83.5,3.39,22,216
"18980701July, 1898",72.9,59.8,85.9,2.68,11,261
"18980601June, 1898",70.8,60.1,81.5,4.4,23,201
"18980501May, 1898",59,48,70,4.47,224,44
"18980401April, 1898",47,34.6,59.4,2.47,537,
"18980301March, 1898",36.5,25.4,47.6,1.86,874,
"18980201February, 1898",22.6,13,32.1,1.14,"1,188",
"18980101January, 1898",21.7,12.9,30.5,1.56,"1,342",
"18971201December, 1897",16,7.3,24.8,1.62,"1,513",
"18971101November, 1897",32.6,20.8,44.4,0.63,963,
"18971001October, 1897",55.4,42.1,68.6,1.02,309,17
"18970901September, 1897",70,55.7,84.3,1.97,30,174
"18970801August, 1897",68,55.8,80.3,2.05,48,150
"18970701July, 1897",75,62.9,87.2,3.17,4,322
"18970601June, 1897",68.2,56.5,79.9,3.9,46,147
"18970501May, 1897",57.8,44.6,71.1,1.89,252,35
"18970401April, 1897",47,36.8,57.1,4.96,535,
"18970301March, 1897",30.4,21.5,39.3,2.29,"1,053",
"18970201February, 1897",23.4,15.1,31.7,0.88,"1,152",
"18970101January, 1897",15,6.4,23.6,1.85,"1,537",
"18961201December, 1896",29.1,21.4,36.9,0.64,"1,104",
"18961101November, 1896",27.3,17.4,37.2,2.01,"1,101",
"18961001October, 1896",46.6,33.9,59.4,3.21,566,
"18960901September, 1896",57.4,46.3,68.5,3.97,240,14
"18960801August, 1896",70.9,59.2,82.7,3.41,23,208
"18960701July, 1896",72.3,60.2,84.4,6.59,13,243
"18960601June, 1896",69.5,57,82,3.27,32,174
"18960501May, 1896",65.2,53.8,76.6,6.47,108,129
"18960401April, 1896",53.5,41.3,65.7,5.04,339,10
"18960301March, 1896",29.4,18.4,40.3,1.09,"1,089",
"18960201February, 1896",26,15.8,36.1,0.6,"1,100",
"18960101January, 1896",21.6,11.8,31.3,0.48,"1,342",
"18951201December, 1895",23.6,15.2,32,1.45,"1,273",
"18951101November, 1895",32.4,22.7,42.1,1.48,971,
"18951001October, 1895",44.6,30.6,58.6,0.48,633,
"18950901September, 1895",66.8,54.1,79.4,3.12,59,118
"18950801August, 1895",71.8,58.6,84.9,4.42,18,235
"18950701July, 1895",71.6,58.1,85.1,3.25,16,225
"18950601June, 1895",69.3,56.6,81.9,4.18,33,175
"18950501May, 1895",61,48,73.9,3.2,184,65
"18950401April, 1895",53.1,39.6,66.7,2.56,369,7
"18950301March, 1895",33.4,20.2,46.5,0.81,977,
"18950201February, 1895",14.6,2.9,26.2,0.52,"1,418",
"18950101January, 1895",11.2,0.1,22.3,0.86,"1,664",
